epoch,train_mae,valid_mae,minutes,lr,minutes:,experiment_name
0.0,0.32689078158870444,0.3625064622009953,,0.001,3.8386508742968237,exponential-decay-test
1.0,0.1918104056500714,0.2412174646892855,,0.00099,7.46553700764974,exponential-decay-test
2.0,0.1585822129159724,0.2011020315750953,,0.0009801,11.326450860500335,exponential-decay-test
3.0,0.14229511740098302,0.18526781686852056,,0.000970299,15.186747113863628,exponential-decay-test
4.0,0.13129094907341274,0.17308056642932276,,0.00096059601,19.043770678838094,exponential-decay-test
5.0,0.122781157225963,0.15721196464953885,,0.0009509900499,22.788195765018465,exponential-decay-test
6.0,0.11553046978995775,0.1463044468433626,,0.000941480149401,26.63124838670095,exponential-decay-test
7.0,0.1089448437543922,0.13988965269057982,,0.00093206534790699,30.48715535004934,exponential-decay-test
8.0,0.10388795362882236,0.15158642948635165,,0.0009227446944279199,34.33450462023417,exponential-decay-test
9.0,0.09906150642937764,0.12913918362990506,,0.0009135172474836409,38.15247702598572,exponential-decay-test
10.0,0.09542067485160756,0.1215370189278356,,0.0009043820750088043,41.98561840057373,exponential-decay-test
11.0,0.09197122665782864,0.11639615713107973,,0.0008953382542587162,45.8336489756902,exponential-decay-test
12.0,0.08925076218523831,0.11729761777866272,,0.0008863848717161291,49.68726501862207,exponential-decay-test
13.0,0.08670680370657305,0.11570850375198548,,0.0008775210229989678,53.539192581176756,exponential-decay-test
14.0,0.08420348963613615,0.11052952706813816,,0.0008687458127689781,57.392057955265045,exponential-decay-test
15.0,0.08180778322118916,0.1137308496381006,,0.0008600583546412883,61.23975569407146,exponential-decay-test
16.0,0.08070094947242609,0.11374201697687948,,0.0008514577710948754,65.08859478632607,exponential-decay-test
17.0,0.07879212453502588,0.10698478104126068,,0.0008429431933839267,68.89812243382136,exponential-decay-test
18.0,0.07649611350748696,0.10459095960663213,,0.0008345137614500872,72.46721386512121,exponential-decay-test
19.0,0.07548050018238922,0.10374751410657357,,0.0008261686238355863,76.03902346690495,exponential-decay-test
20.0,0.07385389341938713,0.10318247685509342,,0.0008179069375972306,79.6311699708303,exponential-decay-test
21.0,0.07218092954057474,0.09851223723061624,,0.0008097278682212582,83.48327228625617,exponential-decay-test
22.0,0.07103933069455924,0.09759097342048924,,0.0008016305895390457,87.33234637578329,exponential-decay-test
23.0,0.06988771175195034,0.09583929229167201,,0.0007936142836436553,91.1768819530805,exponential-decay-test
24.0,0.06865794314854101,0.10345392289661592,,0.0007856781408072188,95.02716840108236,exponential-decay-test
25.0,0.06739226189119983,0.09994383781186997,,0.0007778213593991466,98.87436378002168,exponential-decay-test
26.0,0.06647280504242435,0.09158777457571796,,0.0007700431458051549,102.72535325288773,exponential-decay-test
27.0,0.06579721507074515,0.0890733323270275,,0.0007623427143471034,106.57530975739158,exponential-decay-test
28.0,0.06455546174726469,0.09445918159138772,,0.0007547192872036326,110.42304904460907,exponential-decay-test
29.0,0.06396613780210768,0.08734229759823893,,0.0007471720943315961,114.27197399139405,exponential-decay-test
30.0,0.06354658435635875,0.08590608210332933,,0.0007397003733882801,118.07420558134714,exponential-decay-test
31.0,0.06223763408398615,0.08869749367717772,,0.0007323033696543973,121.82984725634256,exponential-decay-test
32.0,0.061783168744474974,0.08952724513026976,,0.0007249803359578532,125.65597996711729,exponential-decay-test
33.0,0.06105489695756545,0.08403079367933737,,0.0007177305325982747,129.50275869369506,exponential-decay-test
34.0,0.060503062871574476,0.0866725760842523,,0.000710553227272292,133.3049485007922,exponential-decay-test
35.0,0.06031652488354455,0.08549917789716874,,0.000703447694999569,137.14982942740122,exponential-decay-test
36.0,0.0590247511170743,0.08403079031455901,,0.0006964132180495732,140.9702618400256,exponential-decay-test
37.0,0.0584822254395201,0.08154737997439597,,0.0006894490858690775,144.82004842360814,exponential-decay-test
38.0,0.05812155876387535,0.08327635593952669,,0.0006825545950103867,148.63834062417348,exponential-decay-test
39.0,0.05745628768144476,0.08232709452990561,,0.000675729049060283,152.48985284566882,exponential-decay-test
40.0,0.056859762131250234,0.07993188464353165,,0.00066897175856968,156.34896924495698,exponential-decay-test
41.0,0.056681157620844726,0.0816912956295475,,0.0006622820409839832,160.21090313593547,exponential-decay-test
42.0,0.05600333020014591,0.08039726941816269,,0.0006556592205741433,163.84937195777894,exponential-decay-test
43.0,0.05538313468109358,0.07664386645680478,,0.0006491026283684018,167.66059969266252,exponential-decay-test
44.0,0.05510824000686314,0.07661252102303892,,0.0006426116020847179,171.5144665201505,exponential-decay-test
45.0,0.05459470620869896,0.0772504662313769,,0.0006361854860638707,175.37297072410584,exponential-decay-test
46.0,0.0537987970642512,0.08074581575009131,,0.000629823631203232,179.23404486974084,exponential-decay-test
47.0,0.053488054287078084,0.07676213138526487,,0.0006235253948911997,183.0858153899511,exponential-decay-test
48.0,0.05324107242211689,0.07861837600508044,,0.0006172901409422878,186.8813536842664,exponential-decay-test
49.0,0.05290263231468553,0.07929361227058597,,0.0006111172395328649,190.49948219458258,exponential-decay-test
50.0,0.05257104718585753,0.07611915457152554,,0.0006050060671375363,194.3308250784874,exponential-decay-test
51.0,0.05213264249996389,0.07722694378706715,,0.0005989560064661608,198.12307260036468,exponential-decay-test
52.0,0.051538979048010906,0.07563252807144194,,0.0005929664464014992,201.89065753618883,exponential-decay-test
53.0,0.0512654823062893,0.07304459714120434,,0.0005870367819374844,205.46062799294793,exponential-decay-test
54.0,0.05075634166961528,0.07482747150765312,,0.0005811664141181095,209.0596486568451,exponential-decay-test
55.0,0.05071166765143112,0.07300043953282218,,0.0005753547499769285,212.62678350607555,exponential-decay-test
56.0,0.050277724838203336,0.07377964612697402,,0.0005696012024771593,216.19693623781205,exponential-decay-test
57.0,0.050072378953864974,0.07210011678116936,,0.0005639051904523875,219.78601680596668,exponential-decay-test
58.0,0.04965560530826699,0.07357233366177933,,0.0005582661385478637,223.4011519829432,exponential-decay-test
59.0,0.0498027704426728,0.0745651181186399,,0.000552683477162385,227.23303138812386,exponential-decay-test
60.0,0.049025138791093784,0.07585043760557326,,0.0005471566423907613,230.8853727420171,exponential-decay-test
61.0,0.048740103425048295,0.07404741548722793,,0.0005416850759668537,234.52575384775798,exponential-decay-test
62.0,0.04868195475227863,0.07162175766162332,,0.0005362682252071849,238.3710825125376,exponential-decay-test
63.0,0.04810773762871327,0.06984527895767842,,0.0005309055429551132,242.15580742359163,exponential-decay-test
64.0,0.0481446486317707,0.0704705315011163,,0.000525596487525562,245.86265432437258,exponential-decay-test
65.0,0.04760535456111134,0.07502813571162761,,0.0005203405226503064,249.59351488749184,exponential-decay-test
66.0,0.04741720069077935,0.07032885198150911,,0.0005151371174238035,253.43776909907658,exponential-decay-test
67.0,0.047234094858819534,0.06879728323509618,,0.0005099857462495653,257.29676717917124,exponential-decay-test
68.0,0.04694929303908439,0.06743180054810739,,0.0005048858887870696,261.1447569012642,exponential-decay-test
69.0,0.04666483707874148,0.06771784071480072,,0.0004998370298991988,264.8538777510325,exponential-decay-test
70.0,0.04657896513488528,0.06760492247919883,,0.0004948386596002071,268.4284146587054,exponential-decay-test
71.0,0.046103620816875225,0.07230409787547201,,0.0004898902730042047,271.9919471025467,exponential-decay-test
72.0,0.04598850273480015,0.06848910492995093,,0.0004849913702741628,275.5726923902829,exponential-decay-test
73.0,0.04595204779425442,0.06760906127672041,,0.0004801414565714211,279.2984164158504,exponential-decay-test
74.0,0.04558294930515038,0.0683068685954617,,0.00047534004200570695,283.12463414669037,exponential-decay-test
75.0,0.045543780033025616,0.06819114996300589,,0.0004705866415856499,286.96664645671837,exponential-decay-test
76.0,0.04523209844924371,0.06950284222200992,,0.0004658807751697934,290.7809908946355,exponential-decay-test
77.0,0.04521151920965728,0.06697071217481168,,0.00046122196741809533,294.3504314184189,exponential-decay-test
78.0,0.04472019059333847,0.06823880207394402,,0.00045660974774391444,297.91070235172907,exponential-decay-test
79.0,0.04473164577976192,0.06745716647034691,,0.0004520436502664753,301.47999465465546,exponential-decay-test
80.0,0.044471079666427965,0.06714842576653728,,0.00044752321376381065,305.0455026984215,exponential-decay-test
81.0,0.04416238828642845,0.06691526387247347,,0.00044304798162617245,308.61975212097167,exponential-decay-test
82.0,0.04410141685199785,0.06527764061766285,,0.00043861750180991077,312.1862785657247,exponential-decay-test
83.0,0.04388156304801403,0.06766486342155166,,0.0004342313267918117,315.7619997382164,exponential-decay-test
84.0,0.04368822403954645,0.06680981256067754,,0.0004298890135238935,319.5193368911743,exponential-decay-test
85.0,0.04355861361044736,0.06465105988806294,,0.00042559012338865465,323.140589817365,exponential-decay-test
86.0,0.04343579079647563,0.06419617105876245,,0.00042133422215476804,326.77672200600307,exponential-decay-test
87.0,0.04314058536163042,0.06852606828174282,,0.0004171208799332204,330.4442107915878,exponential-decay-test
88.0,0.043061526388293137,0.06482598930597304,,0.0004129496711338881,334.26907694339747,exponential-decay-test
89.0,0.04290343986404788,0.06454818100938874,,0.00040882017442254916,338.12839214404426,exponential-decay-test
90.0,0.0429080029002094,0.06612613160283334,,0.0004047319726783237,341.9339308420817,exponential-decay-test
91.0,0.0425347157248019,0.06743784627366453,,0.0004006846529515405,345.79775032997134,exponential-decay-test
92.0,0.04237883749003977,0.06543103238988306,,0.0003966778064220249,349.6399569312732,exponential-decay-test
93.0,0.04233425231728133,0.06540354936113281,,0.00039271102835780483,353.21682238578796,exponential-decay-test
94.0,0.04212694807483497,0.06647659045073295,,0.0003887839180742267,356.9644954880078,exponential-decay-test
95.0,0.04198027188059903,0.06955803876682637,,0.00038489607889348454,360.784774518013,exponential-decay-test
96.0,0.04178297941915258,0.06405927535266646,,0.00038104711810454966,364.61121533314383,exponential-decay-test
97.0,0.041700885967471533,0.06540401225849507,,0.00037723664692350416,368.3994464635849,exponential-decay-test
98.0,0.04150891939633313,0.06382910498688298,,0.00037346428045426913,372.03323007822036,exponential-decay-test
99.0,0.04140177810465467,0.06303697457957652,,0.00036972963764972643,375.77364484469103,exponential-decay-test
100.0,0.04125037902608912,0.06400979598683698,,0.0003660323412732292,379.6245009581248,exponential-decay-test
101.0,0.04120648903336143,0.0621549676382734,,0.0003623720178604969,383.45105772415803,exponential-decay-test
102.0,0.0410122710379884,0.06485479102740366,,0.0003587482976818919,387.2728400270144,exponential-decay-test
103.0,0.041052677444611885,0.06281115288936323,,0.00035516081470507297,391.13624008099237,exponential-decay-test
104.0,0.04069599503145864,0.06328414110166411,,0.00035160920655802217,394.98607997099566,exponential-decay-test
105.0,0.04064658492674537,0.06259133546583112,,0.000348093114492442,398.82431980768837,exponential-decay-test
106.0,0.04051887760843285,0.06262314944498001,,0.00034461218334751756,402.62373205423347,exponential-decay-test
107.0,0.04046173674497108,0.06482564393551117,,0.0003411660615140424,406.2626922369003,exponential-decay-test
108.0,0.040213425933473615,0.06172116929965634,,0.000337754400898902,409.8366553147634,exponential-decay-test
109.0,0.04013167285480468,0.06283526867628095,,0.000334376856889913,413.44813567002615,exponential-decay-test
110.0,0.04011824305065932,0.06311442192283366,,0.0003310330883210138,417.077586321036,exponential-decay-test
111.0,0.039957188633751486,0.06343814322064001,,0.0003277227574378037,420.92707595825203,exponential-decay-test
112.0,0.03982829245080965,0.061915031243716535,,0.0003244455298634257,424.634806338946,exponential-decay-test
113.0,0.039780760937829764,0.06275393675652241,,0.00032120107456479137,428.41004416545235,exponential-decay-test
114.0,0.039628479929641976,0.06132395601560992,,0.0003179890638191435,432.25157976945235,exponential-decay-test
115.0,0.03949460669075972,0.06186165264056576,,0.00031480917318095215,436.1019721666972,exponential-decay-test
116.0,0.03938630411569855,0.061844624999550075,,0.00031166108144914265,439.95617814858747,exponential-decay-test
117.0,0.03925358084692946,0.06082663871347905,,0.0003085444706346512,443.8018673380216,exponential-decay-test
118.0,0.0391875671568095,0.061080106323765176,,0.00030545902592830465,447.5424334645271,exponential-decay-test
119.0,0.03915555728091658,0.06126197613775729,,0.00030240443566902157,451.23259158531823,exponential-decay-test
120.0,0.039020279894336235,0.060941798071707465,,0.00029938039131233136,454.95733138720186,exponential-decay-test
121.0,0.03888441715688189,0.06030456036809951,,0.00029638658739920804,458.5751537243525,exponential-decay-test
122.0,0.0388273480691785,0.06086601142681415,,0.00029342272152521604,462.4318994681041,exponential-decay-test
123.0,0.038688982238920096,0.061611584357677,,0.0002904884943099638,466.2728970130285,exponential-decay-test
124.0,0.038668860297236714,0.06079370179964647,,0.0002875836093668642,470.096623190244,exponential-decay-test
125.0,0.03843951696019817,0.061107401525782,,0.0002847077732731956,473.92391399145134,exponential-decay-test
126.0,0.038499259666526016,0.06150764953945913,,0.00028186069554046365,477.76206156412763,exponential-decay-test
127.0,0.03832975139625179,0.06049650090356028,,0.000279042088585059,481.477624865373,exponential-decay-test
128.0,0.03831254282871861,0.0601343472277926,,0.00027625166769920835,485.32482875585566,exponential-decay-test
129.0,0.03819386296170195,0.06096731240470561,,0.00027348915102221624,489.09817216793704,exponential-decay-test
130.0,0.03807636027925095,0.059913712703893264,,0.0002707542595119941,492.65976708332704,exponential-decay-test
131.0,0.037989392587490886,0.0611513082779223,,0.00026804671691687415,496.36605648597083,exponential-decay-test
132.0,0.037869990984308884,0.05999492283069317,,0.00026536624974770543,500.21280559301374,exponential-decay-test
133.0,0.03792478794003812,0.05938934216335896,,0.0002627125872502284,504.0623583157857,exponential-decay-test
134.0,0.03779863560186352,0.059874574623761626,,0.00026008546137772597,507.91093493700026,exponential-decay-test
135.0,0.03771035396508906,0.05985041617626144,,0.00025748460676394875,511.7248019695282,exponential-decay-test
136.0,0.03764792405680598,0.05958236357377422,,0.00025490976069630927,515.5710620721181,exponential-decay-test
137.0,0.03757372736271335,0.06029602470657518,,0.00025236066308934616,519.4221072634061,exponential-decay-test
138.0,0.037416707183102416,0.06164314435614693,,0.0002498370564584527,523.2645019928615,exponential-decay-test
139.0,0.03746971318461216,0.060033897298478314,,0.0002473386858938682,527.1138320803642,exponential-decay-test
140.0,0.03727618980772831,0.059794650322967935,,0.0002448652990349295,530.9644715944927,exponential-decay-test
141.0,0.03724258200691395,0.06007211144653059,,0.00024241664604458018,534.8133753101032,exponential-decay-test
142.0,0.03717819323752498,0.05955042960422654,,0.0002399924795841344,538.6569161057472,exponential-decay-test
143.0,0.037132651728504336,0.059726206405508915,,0.000237592554788293,542.5027727365493,exponential-decay-test
144.0,0.03702550185240945,0.06055303422674056,,0.0002352166292404101,546.3511694391568,exponential-decay-test
145.0,0.0369293035555815,0.05975774194925064,,0.00023286446294800602,550.0934306383133,exponential-decay-test
146.0,0.03686159483209064,0.05917422527507429,,0.00023053581831852598,553.9375323772431,exponential-decay-test
147.0,0.03688181786199958,0.060421626534192786,,0.00022823046013534067,557.7848067998887,exponential-decay-test
148.0,0.036713821972368485,0.05818310013461497,,0.00022594815553398726,561.645267311732,exponential-decay-test
149.0,0.03665596444812092,0.05857895200531329,,0.0002236886739786474,565.4889638225237,exponential-decay-test
0.0,0.37692595838101856,0.30372000656629905,,0.001,1.874860449632009,full-ds
1.0,0.2898210351984101,0.2637145872806248,,0.00099,3.5320099592208862,full-ds
2.0,0.2469962668413505,0.2209803890868237,,0.0009801,4.669252260526021,full-ds
3.0,0.21198388181680586,0.2020778829173039,,0.000970299,5.804455522696178,full-ds
4.0,0.19238990717416232,0.17968383901997634,,0.00096059601,7.595243708292643,full-ds
5.0,0.18078295899292846,0.17264753002869454,,0.0009509900499,9.550821157296498,full-ds
6.0,0.17097344321437485,0.1654643591454156,,0.000941480149401,11.504592804114024,full-ds
7.0,0.16521505218348898,0.15939743145516042,,0.00093206534790699,13.140503084659574,full-ds
8.0,0.15933993543474706,0.16380291982700948,,0.0009227446944279199,14.508896422386167,full-ds
9.0,0.1555338047464997,0.15859824440981224,,0.0009135172474836409,16.4157958428065,full-ds
10.0,0.15211220442011436,0.16392687483837726,,0.0009043820750088043,18.356108677387237,full-ds
11.0,0.14937160638184532,0.14561757482980414,,0.0008953382542587162,20.18054029941559,full-ds
12.0,0.14620990310846005,0.14064551541679773,,0.0008863848717161291,22.01008805433909,full-ds
13.0,0.14384564589910798,0.1407388464557496,,0.0008775210229989678,23.94952725172043,full-ds
14.0,0.14152162981350722,0.1383640421064277,,0.0008687458127689781,25.912212455272673,full-ds
15.0,0.13972003916648335,0.13984055812421595,,0.0008600583546412883,27.58657743533452,full-ds
16.0,0.1383691969586517,0.14066315128615034,,0.0008514577710948754,29.509807785352066,full-ds
17.0,0.13677514696137322,0.13483441705766475,,0.0008429431933839267,31.46176259120305,full-ds
18.0,0.135278963594822,0.13160961849124814,,0.0008345137614500872,33.306191428502395,full-ds
19.0,0.13374993196328844,0.13309232829432732,,0.0008261686238355863,34.450794168313344,full-ds
20.0,0.13274901695818464,0.13373130348167922,,0.0008179069375972306,35.820760655403134,full-ds
21.0,0.13098386343272686,0.13001030212954456,,0.0008097278682212582,37.365299562613174,full-ds
22.0,0.1299881588412103,0.13116215210211893,,0.0008016305895390457,38.826009062925976,full-ds
23.0,0.12953863724972045,0.12973926264988742,,0.0007936142836436553,40.01237810850144,full-ds
24.0,0.1278780978441992,0.1288839962294228,,0.0007856781408072188,41.350957449277246,full-ds
25.0,0.1269491378870197,0.12839824944734565,,0.0007778213593991466,43.29551051060359,full-ds
26.0,0.12605015490378918,0.12421964530882085,,0.0007700431458051549,44.515950127442686,full-ds
27.0,0.125016829698256,0.12886610415421024,,0.0007623427143471034,45.740131421883895,full-ds
28.0,0.12444801558656375,0.12417361896289017,,0.0007547192872036326,47.46167045434316,full-ds
29.0,0.12388750921854205,0.12475797435170735,,0.0007471720943315961,49.25464886029561,full-ds
30.0,0.1228834014614567,0.1255894779374726,,0.0007397003733882801,50.96647644837697,full-ds
31.0,0.1222488701962177,0.12243674204537752,,0.0007323033696543973,52.93398713668187,full-ds
32.0,0.1213188582446276,0.12288390418416575,,0.0007249803359578532,54.77694192330043,full-ds
33.0,0.12107884804869486,0.12487394238773145,,0.0007177305325982747,56.686139369010924,full-ds
34.0,0.12029081885282646,0.11997343064923036,,0.000710553227272292,58.35135099093121,full-ds
35.0,0.11999825410719699,0.12012877329399699,,0.000703447694999569,59.939610568682355,full-ds
36.0,0.1190263826016751,0.1202703492578707,,0.0006964132180495732,61.64575516382853,full-ds
37.0,0.11865929290921245,0.12182214490677165,,0.0006894490858690775,62.78113868633906,full-ds
38.0,0.1178910690107608,0.11874740940959826,,0.0006825545950103867,64.53182446956636,full-ds
39.0,0.11765622203355998,0.11872318399579905,,0.000675729049060283,66.49355275630951,full-ds
40.0,0.11697388634704302,0.11967388275422546,,0.00066897175856968,68.07899313767751,full-ds
41.0,0.11643634647776492,0.11793038089024388,,0.0006622820409839832,69.52968817949295,full-ds
42.0,0.11646316999683826,0.1194396289085087,,0.0006556592205741433,71.27325406074523,full-ds
43.0,0.1157223456354294,0.11703292943929365,,0.0006491026283684018,72.87453326384227,full-ds
44.0,0.11542783947896895,0.1154277531881083,,0.0006426116020847179,74.08698758284251,full-ds
45.0,0.1149887205723552,0.12130292646194778,,0.0006361854860638707,75.9609724521637,full-ds
46.0,0.1145313689552436,0.12342429945343432,,0.000629823631203232,77.09528172810873,full-ds
47.0,0.1141763314745971,0.114574022591114,,0.0006235253948911997,78.57370146512986,full-ds
48.0,0.11384211150115668,0.11603997103477767,,0.0006172901409422878,80.52138743003209,full-ds
49.0,0.1134144611024578,0.11503081875412086,,0.0006111172395328649,82.07972515424095,full-ds
50.0,0.11290408155817007,0.11554788387135455,,0.0006050060671375363,83.73033463160195,full-ds
51.0,0.11262070872091336,0.1139544788159822,,0.0005989560064661608,85.36401933034261,full-ds
52.0,0.11259843358292572,0.1164219195121213,,0.0005929664464014992,86.63118927876154,full-ds
53.0,0.11196961807295508,0.11533264815807336,,0.0005870367819374844,88.38511108557383,full-ds
54.0,0.11203683355641587,0.1175312632636021,,0.0005811664141181095,89.92193194627762,full-ds
55.0,0.11142064811534078,0.1145138114220217,,0.0005753547499769285,91.2608940243721,full-ds
56.0,0.11111207027660737,0.11628900698925312,,0.0005696012024771593,92.982925649484,full-ds
57.0,0.11073076038449883,0.11180439342009392,,0.0005639051904523875,94.27721831003824,full-ds
58.0,0.110538762543579,0.11548325358252777,,0.0005582661385478637,95.929318467776,full-ds
59.0,0.11011556031969144,0.1144774227236447,,0.000552683477162385,97.06780626773836,full-ds
60.0,0.1096896687858749,0.11193294614553463,,0.0005471566423907613,98.79880520502728,full-ds
61.0,0.10961167775565188,0.11140951120539723,,0.0005416850759668537,100.19984589020413,full-ds
62.0,0.10924158999797223,0.11269942084425373,,0.0005362682252071849,101.791413406531,full-ds
63.0,0.10901623099558186,0.11088683362069876,,0.0005309055429551132,103.73867009480793,full-ds
64.0,0.1085760863329742,0.1103046925914916,,0.000525596487525562,105.68805660804114,full-ds
65.0,0.10867720155132818,0.11056222158043004,,0.0005203405226503064,107.41336193084715,full-ds
66.0,0.10825577327840373,0.1113637232780457,,0.0005151371174238035,108.74724809328717,full-ds
67.0,0.10791522067457096,0.11146533211595136,,0.0005099857462495653,110.70138388077416,full-ds
68.0,0.10765229973148577,0.11137165987177904,,0.0005048858887870696,112.6493550856908,full-ds
69.0,0.10745261267621044,0.10897316005669147,,0.0004998370298991988,114.45466686884564,full-ds
70.0,0.10731225871625576,0.11047513610438292,,0.0004948386596002071,116.28338317076367,full-ds
71.0,0.10697946379411744,0.11254570487298456,,0.0004898902730042047,118.23644541899364,full-ds
72.0,0.10675918145125417,0.11038828292959617,,0.0004849913702741628,119.46400335232416,full-ds
73.0,0.10648622038683413,0.10875909392770976,,0.0004801414565714211,121.42492065429687,full-ds
74.0,0.10633700010484406,0.11186711421138357,,0.00047534004200570695,123.08521976470949,full-ds
75.0,0.1061076895175805,0.10989242643117908,,0.0004705866415856499,125.02601097822188,full-ds
76.0,0.1058894588850736,0.10859638030591767,,0.0004658807751697934,126.58118537664413,full-ds
77.0,0.1056017190325564,0.11066459400089157,,0.00046122196741809533,128.32346105972923,full-ds
78.0,0.10588989927625088,0.10811287533295792,,0.00045660974774391444,130.04020583629608,full-ds
79.0,0.10519335547374677,0.10930669315551464,,0.0004520436502664753,131.96831737359364,full-ds
80.0,0.10511851096559413,0.11366167888829586,,0.00044752321376381065,133.56819633245468,full-ds
81.0,0.10488110941091716,0.11015846139506304,,0.00044304798162617245,134.85290950536728,full-ds
82.0,0.10465162363750624,0.10807393757920518,,0.00043861750180991077,135.99782025814056,full-ds
83.0,0.1045424185948791,0.10937290477125272,,0.0004342313267918117,137.14075124263763,full-ds
84.0,0.10442856348889623,0.10825689254622713,,0.0004298890135238935,138.43080235322316,full-ds
85.0,0.10401018821913433,0.10882713504527748,,0.00042559012338865465,140.39771640698117,full-ds
86.0,0.1039299006550324,0.10883518142135523,,0.00042133422215476804,141.77424689531327,full-ds
87.0,0.10379103831408894,0.10761178457423252,,0.0004171208799332204,143.0721238891284,full-ds
88.0,0.10362465351497213,0.10774385984006683,,0.0004129496711338881,144.72449711958564,full-ds
89.0,0.1034812814445112,0.10900015865501612,,0.00040882017442254916,146.67317992051443,full-ds
90.0,0.10335079222809973,0.10684537747972893,,0.0004047319726783237,148.52043297688166,full-ds
91.0,0.10304746111108494,0.10752052049887807,,0.0004006846529515405,150.3812822858493,full-ds
92.0,0.10303866158874997,0.10734108151573893,,0.0003966778064220249,152.02555531660715,full-ds
93.0,0.10277567331474068,0.10749595883645503,,0.00039271102835780483,153.96942763328553,full-ds
94.0,0.10267046261040842,0.10735960877255384,,0.0003887839180742267,155.45232011079787,full-ds
95.0,0.10247501874820016,0.1063432892529588,,0.00038489607889348454,157.3308045744896,full-ds
96.0,0.1023397310519263,0.10611651254327677,,0.00038104711810454966,158.80230430761972,full-ds
97.0,0.10221878696394443,0.106277627286158,,0.00037723664692350416,159.94662945667903,full-ds
98.0,0.10205076201835696,0.106829329070292,,0.00037346428045426913,161.09099074602128,full-ds
99.0,0.10196116344418213,0.10696024221809276,,0.00036972963764972643,162.23557110230132,full-ds
100.0,0.10175511128326302,0.10658866137266156,,0.0003660323412732292,164.08661273320516,full-ds
101.0,0.10150955482940806,0.10631878685010107,,0.0003623720178604969,165.79668322404225,full-ds
102.0,0.10147889017964644,0.1058179554186369,,0.0003587482976818919,167.7315522472064,full-ds
103.0,0.10129335468520667,0.10772411931502188,,0.00035516081470507297,169.6300201018651,full-ds
104.0,0.1012601968277557,0.10507960399514746,,0.00035160920655802217,170.86024238268539,full-ds
105.0,0.101143366781598,0.10609406626538233,,0.000348093114492442,172.0223967989286,full-ds
106.0,0.10094403786188014,0.10513455139963253,,0.00034461218334751756,173.97429257233935,full-ds
107.0,0.10078458094276783,0.10613958899912082,,0.0003411660615140424,175.3100855747859,full-ds
108.0,0.10068622179033546,0.10527352612269547,,0.000337754400898902,176.90076857805252,full-ds
109.0,0.10063443321815352,0.10610790298173313,,0.000334376856889913,178.07407418886817,full-ds
110.0,0.10042169192193988,0.10515679368847286,,0.0003310330883210138,179.65010230541233,full-ds
111.0,0.10029612507146643,0.10682924302000757,,0.0003277227574378037,181.5717283328374,full-ds
112.0,0.10011528835157836,0.10433463217396473,,0.0003244455298634257,183.516449268659,full-ds
113.0,0.1001213017467824,0.1052471130929496,,0.00032120107456479137,185.38818300167716,full-ds
114.0,0.09991873695854672,0.10451995088865876,,0.0003179890638191435,187.34811922311783,full-ds
115.0,0.09980325613655,0.10644869429500488,,0.00031480917318095215,189.18131308952968,full-ds
116.0,0.09968306006534218,0.10516026250625904,,0.00031166108144914265,190.31849142313004,full-ds
117.0,0.09955978139038013,0.104462998038844,,0.0003085444706346512,191.81808534065883,full-ds
118.0,0.09952232868340016,0.10483868976956924,,0.00030545902592830465,193.76638396581012,full-ds
119.0,0.09934698496457676,0.10451122004734836,,0.00030240443566902157,195.61928290128708,full-ds
120.0,0.09935905022835784,0.10524848067446768,,0.00029938039131233136,197.36213734149933,full-ds
121.0,0.09922929026441996,0.10417105386131698,,0.00029638658739920804,199.30482946236927,full-ds
122.0,0.09899266168394452,0.10473439456600886,,0.00029342272152521604,200.86978171269095,full-ds
123.0,0.0990536784322844,0.10364077787650247,,0.0002904884943099638,202.79674835602444,full-ds
124.0,0.09873203689145024,0.10392276672940512,,0.0002875836093668642,204.74172510306042,full-ds
125.0,0.09880657423462473,0.10442203433890092,,0.0002847077732731956,206.6811977585157,full-ds
126.0,0.0986372631729078,0.10347479495563013,,0.00028186069554046365,208.57479930718742,full-ds
127.0,0.09861800940001272,0.10439964226986233,,0.000279042088585059,209.7110769033432,full-ds
128.0,0.09839454702763993,0.10361218394417517,,0.00027625166769920835,210.84850560029344,full-ds
129.0,0.09830550329981612,0.10409660066428934,,0.00027348915102221624,211.98531988064445,full-ds
130.0,0.0981847710187954,0.10376042497785468,,0.0002707542595119941,213.1252548058828,full-ds
131.0,0.09812809175236772,0.10361620012082552,,0.00026804671691687415,214.70245102643972,full-ds
132.0,0.09812282743638487,0.10414961882327732,,0.00026536624974770543,216.63354987303418,full-ds
133.0,0.09789505501745084,0.10349905170892426,,0.0002627125872502284,218.4033601482709,full-ds
134.0,0.09787216374738024,0.10766136721560833,,0.00026008546137772597,219.54013909101485,full-ds
135.0,0.09777450557488812,0.10338852538874256,,0.00025748460676394875,221.17277983029686,full-ds
136.0,0.09771764944122588,0.103011263012886,,0.00025490976069630927,222.87693329254787,full-ds
137.0,0.09750292390342882,0.10401226374663804,,0.00025236066308934616,224.01709638834,full-ds
138.0,0.09739548710615313,0.10307892639386032,,0.0002498370564584527,225.955887401104,full-ds
139.0,0.09734032829611527,0.1034913519965974,,0.0002473386858938682,227.92210506598155,full-ds
140.0,0.0973251213047262,0.1032096476774466,,0.0002448652990349295,229.8148950060209,full-ds
141.0,0.09724241746623148,0.10324095390344916,,0.00024241664604458018,231.7616612235705,full-ds
142.0,0.09713024616792863,0.10351361643326908,,0.0002399924795841344,233.32531682650244,full-ds
143.0,0.09707651292360536,0.10343162549169442,,0.000237592554788293,234.7458365718524,full-ds
144.0,0.09689776318665554,0.10366729607707574,,0.0002352166292404101,235.8821521480878,full-ds
145.0,0.0969314317316462,0.10343724846839901,,0.00023286446294800602,237.59043627182643,full-ds
146.0,0.0967233287580714,0.10398146510124202,,0.00023053581831852598,239.52429593404133,full-ds
147.0,0.09670684637925488,0.10259070125065346,,0.00022823046013534067,240.72127074797947,full-ds
148.0,0.09670181794340886,0.10300225777061356,,0.00022594815553398726,241.85863018035892,full-ds
149.0,0.09654958443951524,0.1027109776829419,,0.0002236886739786474,243.1424471616745,full-ds
0.0,0.34171065375642895,0.5643636608316054,,0.001,0.9852054913838704,full-ds-competition-split
1.0,0.2549957738435772,0.5295959677427046,,0.00099,1.969464961687724,full-ds-competition-split
2.0,0.22473620696168148,0.5160160684777846,,0.0009801,2.9467910369237265,full-ds-competition-split
3.0,0.2090585204775666,0.5235162997438061,,0.000970299,3.9214358528455096,full-ds-competition-split
4.0,0.19971917798218225,0.4728906789133626,,0.00096059601,4.8977952003479,full-ds-competition-split
5.0,0.1915153825842448,0.4506921974882003,,0.0009509900499,5.879021124045054,full-ds-competition-split
6.0,0.18197398495326908,0.4248415726807811,,0.000941480149401,6.86297735373179,full-ds-competition-split
7.0,0.17061541485554949,0.4219110949385552,,0.00093206534790699,7.8501828789711,full-ds-competition-split
8.0,0.1625679012062481,0.3762264222868028,,0.0009227446944279199,8.83108404080073,full-ds-competition-split
9.0,0.1570807100258599,0.3813616878563358,,0.0009135172474836409,9.812735056877136,full-ds-competition-split
10.0,0.1529925072463197,0.36030856015220775,,0.0009043820750088043,10.792560108502702,full-ds-competition-split
11.0,0.14879678453538794,0.3676587982523825,,0.0008953382542587162,11.769407562414804,full-ds-competition-split
12.0,0.14563857501185826,0.35426034898527203,,0.0008863848717161291,12.748853723208107,full-ds-competition-split
13.0,0.14185583064374796,0.33466635019548474,,0.0008775210229989678,13.725551303227745,full-ds-competition-split
14.0,0.13775535603460762,0.3283101171255112,,0.0008687458127689781,14.709171374638874,full-ds-competition-split
15.0,0.1341113213485886,0.3228012128703056,,0.0008600583546412883,15.697875821590426,full-ds-competition-split
16.0,0.13157103086752409,0.3069060098740362,,0.0008514577710948754,16.67456600268682,full-ds-competition-split
17.0,0.1291660141115433,0.30489068382209344,,0.0008429431933839267,17.653765253225966,full-ds-competition-split
18.0,0.12683296710445635,0.3068687901381524,,0.0008345137614500872,18.64270470539729,full-ds-competition-split
19.0,0.12494680670279867,0.30179981358589664,,0.0008261686238355863,19.629788279533386,full-ds-competition-split
20.0,0.12340660437603992,0.3049214907711552,,0.0008179069375972306,20.624202899138133,full-ds-competition-split
21.0,0.1215579260755511,0.30141993756255797,,0.0008097278682212582,21.606396540006003,full-ds-competition-split
22.0,0.1199506079784102,0.3403984091935619,,0.0008016305895390457,22.589469814300536,full-ds-competition-split
23.0,0.1184008308357793,0.29200933248766,,0.0007936142836436553,23.56983319918315,full-ds-competition-split
24.0,0.11648166649357004,0.2886302173137665,,0.0007856781408072188,24.55002189874649,full-ds-competition-split
25.0,0.11496325875948925,0.2848698537676564,,0.0007778213593991466,25.529304432868962,full-ds-competition-split
26.0,0.11537116017542212,0.2760323117817601,,0.0007700431458051549,26.500412094593052,full-ds-competition-split
27.0,0.11283750240856788,0.2798082653072574,,0.0007623427143471034,27.49155517021815,full-ds-competition-split
28.0,0.11206003063897896,0.2797919879517247,,0.0007547192872036326,28.4674907485644,full-ds-competition-split
29.0,0.11074983840717834,0.28669575265338343,,0.0007471720943315961,29.452028234799705,full-ds-competition-split
30.0,0.11051202373983003,0.2725949746466452,,0.0007397003733882801,30.434870704015093,full-ds-competition-split
31.0,0.10933929034132032,0.27134477395203804,,0.0007323033696543973,31.40917107264201,full-ds-competition-split
32.0,0.10800721297179232,0.2720992411336591,,0.0007249803359578532,32.389700094858796,full-ds-competition-split
33.0,0.10709526763571886,0.27467105177141016,,0.0007177305325982747,33.36820497910182,full-ds-competition-split
34.0,0.10648022597854566,0.2652184285463825,,0.000710553227272292,34.351337842146556,full-ds-competition-split
35.0,0.10669390310361544,0.268528321817998,,0.000703447694999569,35.33292369047801,full-ds-competition-split
36.0,0.105170297323693,0.26275515364062396,,0.0006964132180495732,36.31215813954671,full-ds-competition-split
37.0,0.1050632287769256,0.2658220356510532,,0.0006894490858690775,37.28947202364603,full-ds-competition-split
38.0,0.10396330951679872,0.26348504424095154,,0.0006825545950103867,38.27837781906128,full-ds-competition-split
39.0,0.10372815924458514,0.30502816650175274,,0.000675729049060283,39.26609817345937,full-ds-competition-split
40.0,0.1038992994088183,0.2609335381177165,,0.00066897175856968,40.24705971082052,full-ds-competition-split
41.0,0.10226025104426256,0.2604159280177086,,0.0006622820409839832,41.2279783765475,full-ds-competition-split
42.0,0.10326637368661296,0.2644513645960439,,0.0006556592205741433,42.20733148654302,full-ds-competition-split
43.0,0.10122386115365033,0.2600443238212216,,0.0006491026283684018,43.18859656651814,full-ds-competition-split
44.0,0.1015268006708628,0.25871215400195896,,0.0006426116020847179,44.16476804415385,full-ds-competition-split
45.0,0.10157366899900057,0.26422354627040123,,0.0006361854860638707,45.14549532731374,full-ds-competition-split
46.0,0.10098085759816422,0.2615214391581474,,0.000629823631203232,46.12769609689713,full-ds-competition-split
47.0,0.0993882055421479,0.26428426994431403,,0.0006235253948911997,47.11509456634521,full-ds-competition-split
48.0,0.10042693718640933,0.2563940228954437,,0.0006172901409422878,48.09901425043742,full-ds-competition-split
49.0,0.09856447360469292,0.2605649319387251,,0.0006111172395328649,49.08661743402481,full-ds-competition-split
50.0,0.0985036695804024,0.26352461259211263,,0.0006050060671375363,50.078988432884216,full-ds-competition-split
51.0,0.09859902703935657,0.2597484230514496,,0.0005989560064661608,51.068121870358794,full-ds-competition-split
52.0,0.09822965942829548,0.2608210016642848,,0.0005929664464014992,52.05416167974472,full-ds-competition-split
53.0,0.09798754039898656,0.25653804814623243,,0.0005870367819374844,53.03796733220418,full-ds-competition-split
54.0,0.0972193656760513,0.25952738619619803,,0.0005811664141181095,54.02905589342117,full-ds-competition-split
55.0,0.096800948120051,0.25409114384843456,,0.0005753547499769285,55.02580855687459,full-ds-competition-split
56.0,0.09654382352497183,0.25778317090965097,,0.0005696012024771593,56.00854785044989,full-ds-competition-split
57.0,0.09681924886784518,0.26490202161573606,,0.0005639051904523875,56.993517510096225,full-ds-competition-split
58.0,0.0960347055954839,0.2518619851719949,,0.0005582661385478637,57.9808792034785,full-ds-competition-split
59.0,0.0968162690069299,0.2533091669601779,,0.000552683477162385,58.96978371143341,full-ds-competition-split
60.0,0.09616348426125966,0.2527738153453795,,0.0005471566423907613,59.95371655225754,full-ds-competition-split
61.0,0.09524629154155168,0.2489264230093648,,0.0005416850759668537,60.94107313553493,full-ds-competition-split
62.0,0.09532711367005292,0.24960099737490374,,0.0005362682252071849,61.924940812587735,full-ds-competition-split
63.0,0.0944195383044508,0.2510677095382445,,0.0005309055429551132,62.9039671977361,full-ds-competition-split
64.0,0.09469365708071836,0.2583173917185876,,0.000525596487525562,63.87981145381927,full-ds-competition-split
65.0,0.09430022415702018,0.2495524698207455,,0.0005203405226503064,64.85475871165593,full-ds-competition-split
66.0,0.09390711592431984,0.2501373625090046,,0.0005151371174238035,65.8472978591919,full-ds-competition-split
67.0,0.0943461760637444,0.25861759291541186,,0.0005099857462495653,66.83670931259789,full-ds-competition-split
68.0,0.09341695113378834,0.24804207898916736,,0.0005048858887870696,67.81771500110627,full-ds-competition-split
69.0,0.09339428790468243,0.25043513049041066,,0.0004998370298991988,68.79619671106339,full-ds-competition-split
70.0,0.09334498343922948,0.2472720722998343,,0.0004948386596002071,69.78055326938629,full-ds-competition-split
71.0,0.0937933118694422,0.2508360729102165,,0.0004898902730042047,70.763063788414,full-ds-competition-split
72.0,0.09366218501695923,0.2487237172261361,,0.0004849913702741628,71.74260465701421,full-ds-competition-split
73.0,0.09238574059264172,0.24908354133367536,,0.0004801414565714211,72.72362372080484,full-ds-competition-split
74.0,0.09241920754458148,0.2492193747912684,,0.00047534004200570695,73.70387813250223,full-ds-competition-split
75.0,0.09276321760369724,0.25762382750549634,,0.0004705866415856499,74.69343615372976,full-ds-competition-split
76.0,0.09282712360126702,0.2532202440404124,,0.0004658807751697934,75.6819951971372,full-ds-competition-split
77.0,0.09170926456312536,0.25812103623344057,,0.00046122196741809533,76.66235117912292,full-ds-competition-split
78.0,0.09159278915441547,0.24491641358021765,,0.00045660974774391444,77.64210084676742,full-ds-competition-split
79.0,0.09139942386968236,0.2513904867153013,,0.0004520436502664753,78.62680693070094,full-ds-competition-split
80.0,0.09109695194029883,0.2537823115145007,,0.00044752321376381065,79.61884574890136,full-ds-competition-split
81.0,0.09116757272420194,0.2545324910071588,,0.00044304798162617245,80.60179755687713,full-ds-competition-split
82.0,0.09091648646060707,0.24626266187237156,,0.00043861750180991077,81.58406182527544,full-ds-competition-split
83.0,0.09070291780055906,0.2467594050591992,,0.0004342313267918117,82.56517839431763,full-ds-competition-split
84.0,0.09036544900881824,0.24778098805296805,,0.0004298890135238935,83.54175835847855,full-ds-competition-split
85.0,0.09033153155474988,0.2561028174334957,,0.00042559012338865465,84.53399104674658,full-ds-competition-split
86.0,0.09029087353389252,0.2436322495341301,,0.00042133422215476804,85.51169870694478,full-ds-competition-split
87.0,0.08994209035314789,0.24907897364708684,,0.0004171208799332204,86.49257425069807,full-ds-competition-split
88.0,0.0899581125590793,0.2464032000110995,,0.0004129496711338881,87.47649826606113,full-ds-competition-split
89.0,0.0898094085572607,0.24690728442322826,,0.00040882017442254916,88.4626529375712,full-ds-competition-split
90.0,0.08948048525836477,0.24414830775030194,,0.0004047319726783237,89.44589940309523,full-ds-competition-split
91.0,0.08954215812644528,0.24495065284352144,,0.0004006846529515405,90.43115971485773,full-ds-competition-split
92.0,0.08946807080198625,0.2486993096047832,,0.0003966778064220249,91.420545621713,full-ds-competition-split
93.0,0.08917932174255941,0.24509214177247016,,0.00039271102835780483,92.40216782490411,full-ds-competition-split
94.0,0.08897164994941181,0.2487358164883429,,0.0003887839180742267,93.38579031229021,full-ds-competition-split
95.0,0.08886164549292097,0.2463064402822525,,0.00038489607889348454,94.36798352797828,full-ds-competition-split
96.0,0.08862828546743197,0.25392705130000265,,0.00038104711810454966,95.354098880291,full-ds-competition-split
97.0,0.08884456916727307,0.2430749775901917,,0.00037723664692350416,96.33636951446532,full-ds-competition-split
98.0,0.08838648096836116,0.24595463492216604,,0.00037346428045426913,97.31716099977491,full-ds-competition-split
99.0,0.08856137383813611,0.24036335392344385,,0.00036972963764972643,98.30822321573892,full-ds-competition-split
100.0,0.08854266054518395,0.24693736409948716,,0.0003660323412732292,99.29238813320795,full-ds-competition-split
101.0,0.08800078529177363,0.2441456228975327,,0.0003623720178604969,100.27570142745972,full-ds-competition-split
102.0,0.08775311153876368,0.2431528303892381,,0.0003587482976818919,101.25698206027347,full-ds-competition-split
103.0,0.08788418021402687,0.24153709844235435,,0.00035516081470507297,102.24323743581772,full-ds-competition-split
104.0,0.08777775761089658,0.24545687364955102,,0.00035160920655802217,103.2297680099805,full-ds-competition-split
105.0,0.08744082496679345,0.24664330314243985,,0.000348093114492442,104.21221237977345,full-ds-competition-split
106.0,0.08838816595694787,0.24379803216265095,,0.00034461218334751756,105.20278658072155,full-ds-competition-split
107.0,0.0875840704104469,0.2407930248206661,,0.0003411660615140424,106.18258230686187,full-ds-competition-split
108.0,0.08704486202846455,0.2430432470094773,,0.000337754400898902,107.16966269810995,full-ds-competition-split
109.0,0.08682620447719756,0.24251376212604586,,0.000334376856889913,108.15290201902391,full-ds-competition-split
110.0,0.08760649509559178,0.24559229155701984,,0.0003310330883210138,109.14015135765075,full-ds-competition-split
111.0,0.08653828225378854,0.2429660705308761,,0.0003277227574378037,110.122132285436,full-ds-competition-split
112.0,0.08675850397367701,0.2371771885983406,,0.0003244455298634257,111.1070810953776,full-ds-competition-split
113.0,0.0866159459268584,0.24692866855090656,,0.00032120107456479137,112.09259641567866,full-ds-competition-split
114.0,0.0864546368037228,0.24203349361496584,,0.0003179890638191435,113.07952328523001,full-ds-competition-split
115.0,0.0863587682928083,0.2422436502191328,,0.00031480917318095215,114.05606899261473,full-ds-competition-split
116.0,0.08623007709540212,0.23950888985587698,,0.00031166108144914265,115.04527287085851,full-ds-competition-split
117.0,0.08616846055274649,0.2414643447245321,,0.0003085444706346512,116.03352068265279,full-ds-competition-split
118.0,0.08606667495950521,0.2392109476270215,,0.00030545902592830465,117.01931023200352,full-ds-competition-split
119.0,0.0862322575692992,0.240425794355331,,0.00030240443566902157,117.9990628282229,full-ds-competition-split
120.0,0.08582052133229942,0.2416009280470109,,0.00029938039131233136,118.97851325670878,full-ds-competition-split
121.0,0.08564082387244044,0.2413487833353781,,0.00029638658739920804,119.9644895275434,full-ds-competition-split
122.0,0.08575686106886278,0.2436640118398973,,0.00029342272152521604,120.9545779546102,full-ds-competition-split
123.0,0.08540274800316794,0.2403996221480831,,0.0002904884943099638,121.94260690609616,full-ds-competition-split
124.0,0.08582291653000039,0.2409297879184446,,0.0002875836093668642,122.93450193802515,full-ds-competition-split
125.0,0.08528813182777198,0.2411115181542211,,0.0002847077732731956,123.92334468364716,full-ds-competition-split
126.0,0.08533956026085755,0.2385624135213513,,0.00028186069554046365,124.91130006710688,full-ds-competition-split
127.0,0.08527385846117938,0.24255098258295366,,0.000279042088585059,125.89236319859823,full-ds-competition-split
128.0,0.0851049338874307,0.23672057135451224,,0.00027625166769920835,126.88479354778927,full-ds-competition-split
129.0,0.08491540004086331,0.2404092028737069,,0.00027348915102221624,127.8783920566241,full-ds-competition-split
130.0,0.0849393828304841,0.2403613963434773,,0.0002707542595119941,128.8580065369606,full-ds-competition-split
131.0,0.08482661832208388,0.23928772826348574,,0.00026804671691687415,129.8402233918508,full-ds-competition-split
132.0,0.08460557532156163,0.23961087099967465,,0.00026536624974770543,130.8317879319191,full-ds-competition-split
133.0,0.08462545743459239,0.2403921158083024,,0.0002627125872502284,131.81692470709484,full-ds-competition-split
134.0,0.08451834060131165,0.2387922509543358,,0.00026008546137772597,132.79572469790776,full-ds-competition-split
135.0,0.08445022807345055,0.2432964809479251,,0.00025748460676394875,133.76885016759238,full-ds-competition-split
136.0,0.08444727009409457,0.2457790122397484,,0.00025490976069630927,134.7538650592168,full-ds-competition-split
137.0,0.08421889693027172,0.24198876970237299,,0.00025236066308934616,135.73466444015506,full-ds-competition-split
138.0,0.08405390952783105,0.2415254563093185,,0.0002498370564584527,136.72207971811295,full-ds-competition-split
139.0,0.08412690235958911,0.2359478382333632,,0.0002473386858938682,137.7040682196617,full-ds-competition-split
140.0,0.08402098954495488,0.2358613413187765,,0.0002448652990349295,138.68769520918528,full-ds-competition-split
141.0,0.08398991675149288,0.2392393110259887,,0.00024241664604458018,139.66628388961158,full-ds-competition-split
142.0,0.08379225931024861,0.2398729096016576,,0.0002399924795841344,140.6467783888181,full-ds-competition-split
143.0,0.08366194150642661,0.2387541383504867,,0.000237592554788293,141.63420959711075,full-ds-competition-split
144.0,0.0837137231066774,0.24009906380407264,,0.0002352166292404101,142.6111383040746,full-ds-competition-split
145.0,0.08365934631729972,0.2358423161410516,,0.00023286446294800602,143.60034638643262,full-ds-competition-split
146.0,0.08346624668554971,0.24011655127809894,,0.00023053581831852598,144.58059612115224,full-ds-competition-split
147.0,0.08339947255683937,0.24192274265712316,,0.00022823046013534067,145.56384693781538,full-ds-competition-split
148.0,0.08332067618333393,0.2349064049701537,,0.00022594815553398726,146.54842121601104,full-ds-competition-split
149.0,0.08319143130169725,0.23646245247894715,,0.0002236886739786474,147.5313649733861,full-ds-competition-split
0.0,0.40068882921718896,0.3068035182039268,,0.001,0.8061867872873942,competition-ds-random-split
1.0,0.2885024913213329,0.2774699456745484,,0.00099,1.6088330467542014,competition-ds-random-split
2.0,0.26718368840112605,0.274328451786862,,0.0009801,2.383695447444916,competition-ds-random-split
3.0,0.2562644667956269,0.2533386149367349,,0.000970299,3.181189986069997,competition-ds-random-split
4.0,0.24717954179263865,0.2495773986714785,,0.00096059601,3.9656651616096497,competition-ds-random-split
5.0,0.2369106445806145,0.2332314574083344,,0.0009509900499,4.771684217453003,competition-ds-random-split
6.0,0.22217933220485267,0.219159070280243,,0.000941480149401,6.239024074872336,competition-ds-random-split
7.0,0.20769793135216574,0.20256051109706769,,0.00093206534790699,7.7081669251124065,competition-ds-random-split
8.0,0.1970237295795643,0.20423490529666166,,0.0009227446944279199,9.15420555273692,competition-ds-random-split
9.0,0.18660266233960968,0.19327523024966486,,0.0009135172474836409,10.625480469067893,competition-ds-random-split
10.0,0.17909305534173714,0.17468893576840885,,0.0009043820750088043,12.099487491448722,competition-ds-random-split
11.0,0.17369886362342568,0.16933759118689856,,0.0008953382542587162,13.556414783000946,competition-ds-random-split
12.0,0.16973469362384944,0.1672452261946241,,0.0008863848717161291,14.980627536773682,competition-ds-random-split
13.0,0.16626086968944995,0.15856292675875255,,0.0008775210229989678,16.407348211606344,competition-ds-random-split
14.0,0.1621075627759163,0.1659574828980888,,0.0008687458127689781,17.864043351014452,competition-ds-random-split
15.0,0.15886304705416038,0.15585676828002334,,0.0008600583546412883,19.30326098998388,competition-ds-random-split
16.0,0.1572914389392878,0.1553762672682765,,0.0008514577710948754,20.769268008073173,competition-ds-random-split
17.0,0.155023993518909,0.16089515262817752,,0.0008429431933839267,22.18229836622874,competition-ds-random-split
18.0,0.15392485453956456,0.15240990358297934,,0.0008345137614500872,23.66033667325973,competition-ds-random-split
19.0,0.15167683972792487,0.15465874951638148,,0.0008261686238355863,25.098601241906486,competition-ds-random-split
20.0,0.14874988311844256,0.14988810269803293,,0.0008179069375972306,26.48905127843221,competition-ds-random-split
21.0,0.1496537534347713,0.15249304247439882,,0.0008097278682212582,27.97591953674952,competition-ds-random-split
22.0,0.14720724643852215,0.14744793211461096,,0.0008016305895390457,29.434405632813768,competition-ds-random-split
23.0,0.14522015917800066,0.14635909678506065,,0.0007936142836436553,30.87378298838933,competition-ds-random-split
24.0,0.14405156279450448,0.14617854998004248,,0.0007856781408072188,32.31526467005412,competition-ds-random-split
25.0,0.1428803742260135,0.14148003995784966,,0.0007778213593991466,33.79053675731023,competition-ds-random-split
26.0,0.14226946304285576,0.14087627223524896,,0.0007700431458051549,35.248796649773915,competition-ds-random-split
27.0,0.14137374411464276,0.14046134564598087,,0.0007623427143471034,36.65723692178726,competition-ds-random-split
28.0,0.1400260472809691,0.14250167679102693,,0.0007547192872036326,38.146866313616435,competition-ds-random-split
29.0,0.1390940187392254,0.1469890093888904,,0.0007471720943315961,39.58462359110514,competition-ds-random-split
30.0,0.1382601530213187,0.1416256390511989,,0.0007397003733882801,41.01074232260386,competition-ds-random-split
31.0,0.1372400290509151,0.13818679777447315,,0.0007323033696543973,42.459459431966145,competition-ds-random-split
32.0,0.13708725526994525,0.13695937767624858,,0.0007249803359578532,43.91275953849157,competition-ds-random-split
33.0,0.13584628091378362,0.13552944927064126,,0.0007177305325982747,45.37484024763107,competition-ds-random-split
34.0,0.13496233570812055,0.13512317103440633,,0.000710553227272292,46.82589839299521,competition-ds-random-split
35.0,0.1345064624487567,0.13391588710737032,,0.000703447694999569,48.27315043210983,competition-ds-random-split
36.0,0.13440275474529426,0.13501852784366886,,0.0006964132180495732,49.70234750111897,competition-ds-random-split
37.0,0.13283264764342548,0.13527320722331768,,0.0006894490858690775,51.20601090987523,competition-ds-random-split
38.0,0.13268206053237006,0.13333891176420154,,0.0006825545950103867,52.639331646760304,competition-ds-random-split
39.0,0.13194087259963738,0.13283266411086578,,0.000675729049060283,54.049501836299896,competition-ds-random-split
40.0,0.13082980406573178,0.13296635879478488,,0.00066897175856968,54.88207695881525,competition-ds-random-split
41.0,0.13014774238485585,0.13064029760903026,,0.0006622820409839832,56.28248368501663,competition-ds-random-split
42.0,0.13008379620471178,0.1323437872113753,,0.0006556592205741433,57.736036014556895,competition-ds-random-split
43.0,0.1295270234608965,0.12927003589565633,,0.0006491026283684018,58.9519397854805,competition-ds-random-split
44.0,0.1284598344157449,0.1326241280394988,,0.0006426116020847179,60.41408566236496,competition-ds-random-split
45.0,0.1283495442129441,0.1361058927522819,,0.0006361854860638707,61.84575224717458,competition-ds-random-split
46.0,0.12789548307919835,0.13144795010324387,,0.000629823631203232,63.20418384075165,competition-ds-random-split
47.0,0.12667794245323932,0.1327484536488526,,0.0006235253948911997,64.63876712719599,competition-ds-random-split
48.0,0.12643102072015205,0.13183867152719222,,0.0006172901409422878,65.89744240840278,competition-ds-random-split
49.0,0.1257810464974016,0.13488235764327605,,0.0006111172395328649,67.27848214705786,competition-ds-random-split
50.0,0.12577853707621262,0.1279045357445224,,0.0006050060671375363,68.66546338796616,competition-ds-random-split
51.0,0.12471919646609722,0.12754652670538816,,0.0005989560064661608,70.05106569925944,competition-ds-random-split
52.0,0.12460254635579784,0.1270061083687622,,0.0005929664464014992,71.42328196366628,competition-ds-random-split
53.0,0.12400331965889705,0.1274055576593172,,0.0005870367819374844,72.80962785482407,competition-ds-random-split
54.0,0.12394563480227018,0.13319582412721676,,0.0005811664141181095,74.1081505060196,competition-ds-random-split
55.0,0.12294558607009012,0.12894723051395576,,0.0005753547499769285,75.28209948937098,competition-ds-random-split
56.0,0.12250294332199685,0.12491393843513045,,0.0005696012024771593,76.50590622822443,competition-ds-random-split
57.0,0.12231619944919045,0.12867259469310768,,0.0005639051904523875,77.6058875799179,competition-ds-random-split
58.0,0.12199694559568874,0.12294336912206935,,0.0005582661385478637,78.99171967903773,competition-ds-random-split
59.0,0.12139135992999653,0.12789366424816548,,0.000552683477162385,80.34637713829676,competition-ds-random-split
60.0,0.12065084679667658,0.12571133242645227,,0.0005471566423907613,81.76971807877223,competition-ds-random-split
61.0,0.120361079866403,0.12353641533705055,,0.0005416850759668537,83.12173430124919,competition-ds-random-split
62.0,0.1202905191920928,0.1233570061807262,,0.0005362682252071849,84.50603079795837,competition-ds-random-split
63.0,0.1202385815360998,0.12398233298273352,,0.0005309055429551132,85.90629556973776,competition-ds-random-split
64.0,0.11922680082431455,0.12340090689478354,,0.000525596487525562,87.30614358584086,competition-ds-random-split
65.0,0.11918830815784733,0.12405352074591848,,0.0005203405226503064,88.69344133138657,competition-ds-random-split
66.0,0.11892079479893933,0.12201898386243913,,0.0005151371174238035,90.1089510679245,competition-ds-random-split
67.0,0.118482222995569,0.12202492618902787,,0.0005099857462495653,91.51943898598353,competition-ds-random-split
68.0,0.11819462261536065,0.12045607862413905,,0.0005048858887870696,92.90677454471589,competition-ds-random-split
69.0,0.11795205089883135,0.12514287294422988,,0.0004998370298991988,94.30296278397242,competition-ds-random-split
70.0,0.1171706509616406,0.12149292537484505,,0.0004948386596002071,95.73841533263523,competition-ds-random-split
71.0,0.11743140445144165,0.11974571620831717,,0.0004898902730042047,97.11529785394669,competition-ds-random-split
72.0,0.11654328511543753,0.12164496019726895,,0.0004849913702741628,98.51329025427499,competition-ds-random-split
73.0,0.11652161273530914,0.11988314836606626,,0.0004801414565714211,99.9502917130788,competition-ds-random-split
74.0,0.11607197189646146,0.1220254829367164,,0.00047534004200570695,101.35245425303778,competition-ds-random-split
75.0,0.11611156899498415,0.12154411921491387,,0.0004705866415856499,102.65846633116405,competition-ds-random-split
76.0,0.11539856104861268,0.11911594727244533,,0.0004658807751697934,104.06181631485623,competition-ds-random-split
77.0,0.11540944504055145,0.1207583881914616,,0.00046122196741809533,105.47075452804566,competition-ds-random-split
78.0,0.11536665158387327,0.11935534499219205,,0.00045660974774391444,106.85691275199255,competition-ds-random-split
79.0,0.11469669385365976,0.1220924333959329,,0.0004520436502664753,108.26351842880248,competition-ds-random-split
80.0,0.11479176271723225,0.11805658485190795,,0.00044752321376381065,109.62167046467465,competition-ds-random-split
81.0,0.11430947952596116,0.11974680240525575,,0.00044304798162617245,110.99188028176626,competition-ds-random-split
82.0,0.1142939051473718,0.11988070564436125,,0.00043861750180991077,112.43073680798211,competition-ds-random-split
83.0,0.11365984885046652,0.11946192356284528,,0.0004342313267918117,113.820642721653,competition-ds-random-split
84.0,0.11386979988361773,0.1191326453365752,,0.0004298890135238935,115.21452654997508,competition-ds-random-split
85.0,0.11316338459169288,0.116791107523881,,0.00042559012338865465,116.61043915748596,competition-ds-random-split
86.0,0.11304272969257464,0.11889472732045615,,0.00042133422215476804,117.99916174014407,competition-ds-random-split
87.0,0.11300503637822185,0.11732087977474827,,0.0004171208799332204,119.34395871559781,competition-ds-random-split
88.0,0.11283326038705105,0.11780295423308353,,0.0004129496711338881,120.76818910837171,competition-ds-random-split
89.0,0.11262824792037443,0.12104004487151007,,0.00040882017442254916,122.18013224999109,competition-ds-random-split
90.0,0.11245840845654173,0.11812925335691606,,0.0004047319726783237,123.56506545146307,competition-ds-random-split
91.0,0.1118064002712391,0.11772161077891212,,0.0004006846529515405,124.96502420902252,competition-ds-random-split
92.0,0.11193487400656756,0.1184485750730898,,0.0003966778064220249,126.36628263791405,competition-ds-random-split
93.0,0.11192746326524276,0.11789945027500875,,0.00039271102835780483,127.73255359331766,competition-ds-random-split
94.0,0.11134350696324263,0.1190791423814218,,0.0003887839180742267,129.1284298380216,competition-ds-random-split
95.0,0.11135207381805144,0.11795149694700707,,0.00038489607889348454,130.4340101877848,competition-ds-random-split
96.0,0.11093323111271547,0.11557558017065295,,0.00038104711810454966,131.20033283233641,competition-ds-random-split
97.0,0.11100423787658956,0.116952840696837,,0.00037723664692350416,131.97093556722004,competition-ds-random-split
98.0,0.1108704162654899,0.11552171271721848,,0.00037346428045426913,132.74775934219358,competition-ds-random-split
99.0,0.11051108757042136,0.11615295631841566,,0.00036972963764972643,133.98802201350532,competition-ds-random-split
100.0,0.11027312162557884,0.11642619115529487,,0.0003660323412732292,135.38276985486348,competition-ds-random-split
101.0,0.11040353129745058,0.1161008438431337,,0.0003623720178604969,136.7271245678266,competition-ds-random-split
102.0,0.11004473745560332,0.1165608057721716,,0.0003587482976818919,138.08695965607959,competition-ds-random-split
103.0,0.1098689521790076,0.11562439689382174,,0.00035516081470507297,139.3087891101837,competition-ds-random-split
104.0,0.109616711190881,0.11589379782681584,,0.00035160920655802217,140.75386974811553,competition-ds-random-split
105.0,0.10939815484873523,0.11698398589477188,,0.000348093114492442,142.12501877546308,competition-ds-random-split
106.0,0.10941294729709633,0.11601705061363388,,0.00034461218334751756,143.51014430522918,competition-ds-random-split
107.0,0.10919009265264236,0.116460905425617,,0.0003411660615140424,144.93642675876615,competition-ds-random-split
108.0,0.10916020799313353,0.11606219459752568,,0.000337754400898902,146.3425605297089,competition-ds-random-split
109.0,0.10875216861653447,0.11613010929622612,,0.000334376856889913,147.6838197827339,competition-ds-random-split
110.0,0.10855930992422667,0.11501655306239605,,0.0003310330883210138,149.01718239386875,competition-ds-random-split
111.0,0.10856576919686953,0.1146275590433449,,0.0003277227574378037,149.8493110338847,competition-ds-random-split
112.0,0.10836039560350558,0.11588973817644545,,0.0003244455298634257,150.67244138717652,competition-ds-random-split
113.0,0.10827479323101467,0.11553030445805333,,0.00032120107456479137,151.51006002823513,competition-ds-random-split
114.0,0.1079949728980463,0.1150186716227746,,0.0003179890638191435,152.33106975158051,competition-ds-random-split
115.0,0.10795075830383967,0.11487601911191082,,0.00031480917318095215,153.10289335648218,competition-ds-random-split
116.0,0.10791273000219312,0.11566229153913067,,0.00031166108144914265,153.87072458267212,competition-ds-random-split
117.0,0.10762443982294484,0.11643377331192376,,0.0003085444706346512,154.64313100179038,competition-ds-random-split
118.0,0.10744473116907273,0.11523127030642305,,0.00030545902592830465,155.4289708296458,competition-ds-random-split
119.0,0.10740269091029524,0.11388441596607694,,0.00030240443566902157,156.24583499034244,competition-ds-random-split
120.0,0.10729066923195044,0.1155318894774699,,0.00029938039131233136,157.0730903228124,competition-ds-random-split
121.0,0.1069294683996275,0.11772766562758892,,0.00029638658739920804,157.90708360671997,competition-ds-random-split
122.0,0.10702473752955503,0.11327217574246605,,0.00029342272152521604,158.7166109720866,competition-ds-random-split
123.0,0.1068565624138332,0.11386397587837747,,0.0002904884943099638,159.48017686605453,competition-ds-random-split
124.0,0.1067123119854716,0.11467795318267385,,0.0002875836093668642,160.2320867776871,competition-ds-random-split
125.0,0.10641132275438517,0.11434713460993567,,0.0002847077732731956,160.98001067638398,competition-ds-random-split
126.0,0.1064258742437488,0.11363607425181588,,0.00028186069554046365,161.72396148443218,competition-ds-random-split
127.0,0.10622669212224713,0.11391773114561055,,0.000279042088585059,162.47057954072952,competition-ds-random-split
128.0,0.10600262390621966,0.11359579354280325,,0.00027625166769920835,163.22099057435992,competition-ds-random-split
129.0,0.10595625519489918,0.11446265690028667,,0.00027348915102221624,163.96163613001502,competition-ds-random-split
130.0,0.10568563917134828,0.11310677245625705,,0.0002707542595119941,164.7118825038274,competition-ds-random-split
131.0,0.10575251719762577,0.1135011763143979,,0.00026804671691687415,165.45128116210302,competition-ds-random-split
132.0,0.1056244822456974,0.11360038282563455,,0.00026536624974770543,166.20530577500662,competition-ds-random-split
133.0,0.10548131143600413,0.11348829760414658,,0.0002627125872502284,166.9512126684189,competition-ds-random-split
134.0,0.10548771030971124,0.11365733741492527,,0.00026008546137772597,167.69762096405032,competition-ds-random-split
135.0,0.10523311415038966,0.1135301634241812,,0.00025748460676394875,168.44453690449396,competition-ds-random-split
136.0,0.10510292291509953,0.1133109632207722,,0.00025490976069630927,169.19188262224196,competition-ds-random-split
137.0,0.10505728016603368,0.1129237720590146,,0.00025236066308934616,169.94088032643,competition-ds-random-split
138.0,0.10489492994704422,0.11340381919604832,,0.0002498370564584527,170.6891842007637,competition-ds-random-split
139.0,0.10473100139312276,0.11283869389444595,,0.0002473386858938682,171.4375811179479,competition-ds-random-split
140.0,0.1048078073081991,0.11309867388889445,,0.0002448652990349295,172.1860943754514,competition-ds-random-split
141.0,0.1044651736443788,0.11360237747430806,,0.00024241664604458018,172.93651758432392,competition-ds-random-split
142.0,0.10452013199549927,0.11266893794241005,,0.0002399924795841344,173.68269220987958,competition-ds-random-split
143.0,0.10442352019217567,0.11318248574484573,,0.000237592554788293,174.43011550108588,competition-ds-random-split
144.0,0.1041625999603503,0.11275131334779695,,0.0002352166292404101,175.17274714310963,competition-ds-random-split
145.0,0.10413125658875523,0.112943116300663,,0.00023286446294800602,175.91862643559773,competition-ds-random-split
146.0,0.10415828235217664,0.11318300759083907,,0.00023053581831852598,176.6694850524267,competition-ds-random-split
147.0,0.10393955517839222,0.11249985225254397,,0.00022823046013534067,177.4182625253995,competition-ds-random-split
148.0,0.1039150858831302,0.1127316324864743,,0.00022594815553398726,178.16567891438805,competition-ds-random-split
149.0,0.10381725022840073,0.1125115275566207,,0.0002236886739786474,178.91808720827103,competition-ds-random-split
0.0,0.37001489189819625,0.29611810248705644,,0.001,0.9575317462285359,competition-ds-random-split-same-ratio
1.0,0.2727771582054437,0.2520792090123699,,0.00099,1.911933696269989,competition-ds-random-split-same-ratio
2.0,0.2386803436042251,0.23016347279471736,,0.0009801,2.8703325907389323,competition-ds-random-split-same-ratio
3.0,0.22032608634734333,0.21299799844141928,,0.000970299,3.8212692658106486,competition-ds-random-split-same-ratio
4.0,0.2036080089821272,0.19816596349400856,,0.00096059601,4.777039539813996,competition-ds-random-split-same-ratio
5.0,0.1864830948378965,0.18864185555327329,,0.0009509900499,5.72979154586792,competition-ds-random-split-same-ratio
6.0,0.1733692470768309,0.16696559926194535,,0.000941480149401,6.680853279431662,competition-ds-random-split-same-ratio
7.0,0.16614774807169327,0.16138620866883185,,0.00093206534790699,7.63247518936793,competition-ds-random-split-same-ratio
8.0,0.16152980134149186,0.15980571412271066,,0.0009227446944279199,8.591136821111043,competition-ds-random-split-same-ratio
9.0,0.15618646850736562,0.1535588303400624,,0.0009135172474836409,9.550659545262654,competition-ds-random-split-same-ratio
10.0,0.15287193241621752,0.15545195581451535,,0.0009043820750088043,10.509937278429668,competition-ds-random-split-same-ratio
11.0,0.15043979903266086,0.15188124343272175,,0.0008953382542587162,11.462103672822312,competition-ds-random-split-same-ratio
12.0,0.1474771731180056,0.15339049504649252,,0.0008863848717161291,12.415633312861125,competition-ds-random-split-same-ratio
13.0,0.14726884042780866,0.14529813802050004,,0.0008775210229989678,13.370081381003065,competition-ds-random-split-same-ratio
14.0,0.14352909244257642,0.14289293918878798,,0.0008687458127689781,14.351407865683234,competition-ds-random-split-same-ratio
15.0,0.14434245667486625,0.14105858449493688,,0.0008600583546412883,15.310024348894755,competition-ds-random-split-same-ratio
16.0,0.14051779358623276,0.14647178616254564,,0.0008514577710948754,16.338649086157478,competition-ds-random-split-same-ratio
17.0,0.13965228321347345,0.14271265388496454,,0.0008429431933839267,17.340906365712485,competition-ds-random-split-same-ratio
18.0,0.13887141751528093,0.13713351709227406,,0.0008345137614500872,18.34568162759145,competition-ds-random-split-same-ratio
19.0,0.13625255319325102,0.1376688349391183,,0.0008261686238355863,19.324276073773703,competition-ds-random-split-same-ratio
20.0,0.13539666033483164,0.1373216705697198,,0.0008179069375972306,20.386931641896567,competition-ds-random-split-same-ratio
21.0,0.1339338396110161,0.13545838635294669,,0.0008097278682212582,21.604518612225853,competition-ds-random-split-same-ratio
22.0,0.13224276690012055,0.13100227713584894,,0.0008016305895390457,22.806577869256333,competition-ds-random-split-same-ratio
23.0,0.13256003423770202,0.13275747265546553,,0.0007936142836436553,24.027910709381104,competition-ds-random-split-same-ratio
24.0,0.13051761943438348,0.1324439608762341,,0.0007856781408072188,25.219326515992478,competition-ds-random-split-same-ratio
25.0,0.1310287951763584,0.13493345389443062,,0.0007778213593991466,26.462271583080287,competition-ds-random-split-same-ratio
26.0,0.12875081838668334,0.13188539902048724,,0.0007700431458051549,27.685521356264747,competition-ds-random-split-same-ratio
27.0,0.1280983906093509,0.13921909719224893,,0.0007623427143471034,28.883162105083464,competition-ds-random-split-same-ratio
28.0,0.1274932714285492,0.13026098558498966,,0.0007547192872036326,30.082993841171266,competition-ds-random-split-same-ratio
29.0,0.12861235627595072,0.1270257337920127,,0.0007471720943315961,31.301606102784483,competition-ds-random-split-same-ratio
30.0,0.12621901410370784,0.1286808450616175,,0.0007397003733882801,32.507193581263216,competition-ds-random-split-same-ratio
31.0,0.12533954551982296,0.12734103335007546,,0.0007323033696543973,33.705778622627264,competition-ds-random-split-same-ratio
32.0,0.1248136839188391,0.13019911896797914,,0.0007249803359578532,34.91378624041875,competition-ds-random-split-same-ratio
33.0,0.1242700873887868,0.12641646160233408,,0.0007177305325982747,36.159684662024176,competition-ds-random-split-same-ratio
34.0,0.12452863876524448,0.12623956487063442,,0.000710553227272292,37.36652555068335,competition-ds-random-split-same-ratio
35.0,0.12299869577516866,0.1251557576319864,,0.000703447694999569,38.57133464018504,competition-ds-random-split-same-ratio
36.0,0.12261801776957122,0.1248901868539472,,0.0006964132180495732,39.79037379423777,competition-ds-random-split-same-ratio
37.0,0.1225057951078499,0.12567971394427355,,0.0006894490858690775,41.00761311451594,competition-ds-random-split-same-ratio
38.0,0.12235355607070846,0.12560619894535313,,0.0006825545950103867,42.23540488084157,competition-ds-random-split-same-ratio
39.0,0.1214907846680586,0.12372833213979195,,0.000675729049060283,43.44084969361623,competition-ds-random-split-same-ratio
40.0,0.12073431485180218,0.12262610995000407,,0.00066897175856968,44.65469718376796,competition-ds-random-split-same-ratio
41.0,0.12003342076094227,0.12266104596276435,,0.0006622820409839832,45.86343678633372,competition-ds-random-split-same-ratio
42.0,0.12001672010053965,0.123249618276473,,0.0006556592205741433,47.09222348531088,competition-ds-random-split-same-ratio
43.0,0.1190881845592076,0.1260489738516269,,0.0006491026283684018,48.29008094867071,competition-ds-random-split-same-ratio
44.0,0.11895868212768387,0.12241928940338473,,0.0006426116020847179,49.5303895632426,competition-ds-random-split-same-ratio
45.0,0.11817059429354038,0.12235353190091347,,0.0006361854860638707,50.7342649936676,competition-ds-random-split-same-ratio
46.0,0.118155614349267,0.1214816942811012,,0.000629823631203232,51.951595401763925,competition-ds-random-split-same-ratio
47.0,0.1174756252541994,0.12160673941816055,,0.0006235253948911997,53.170569372177134,competition-ds-random-split-same-ratio
48.0,0.11735823980369507,0.1201208922411165,,0.0006172901409422878,54.37859976291657,competition-ds-random-split-same-ratio
49.0,0.11698551029635973,0.121009164640019,,0.0006111172395328649,55.601050221920005,competition-ds-random-split-same-ratio
50.0,0.11668323874091238,0.11985618212530695,,0.0006050060671375363,56.82048551241557,competition-ds-random-split-same-ratio
51.0,0.11585945485971012,0.11909950524568555,,0.0005989560064661608,58.05224440495172,competition-ds-random-split-same-ratio
52.0,0.11583182181281268,0.12043289551811832,,0.0005929664464014992,59.27383550008139,competition-ds-random-split-same-ratio
53.0,0.11551886877717685,0.11875659095183495,,0.0005870367819374844,60.519005858898154,competition-ds-random-split-same-ratio
54.0,0.11490757105306905,0.1208347320075958,,0.0005811664141181095,61.733781015872964,competition-ds-random-split-same-ratio
55.0,0.11488306956309535,0.11748492633623465,,0.0005753547499769285,62.96501886844635,competition-ds-random-split-same-ratio
56.0,0.11437992419930428,0.11927427844174447,,0.0005696012024771593,64.18578831752141,competition-ds-random-split-same-ratio
57.0,0.11404248898116502,0.11876157875503265,,0.0005639051904523875,65.41797463496526,competition-ds-random-split-same-ratio
58.0,0.11385131476780315,0.1198605264146482,,0.0005582661385478637,66.62209600607554,competition-ds-random-split-same-ratio
59.0,0.11346546981084643,0.11798735323452182,,0.000552683477162385,67.84189109404882,competition-ds-random-split-same-ratio
60.0,0.11300231195207278,0.1174896429142644,,0.0005471566423907613,69.051678109169,competition-ds-random-split-same-ratio
61.0,0.11260779157061088,0.1178582814191618,,0.0005416850759668537,70.14201823472976,competition-ds-random-split-same-ratio
62.0,0.11249267980886453,0.11648001485774595,,0.0005362682252071849,71.33248369693756,competition-ds-random-split-same-ratio
63.0,0.11213680262593123,0.1170533264596616,,0.0005309055429551132,72.56721209287643,competition-ds-random-split-same-ratio
64.0,0.1116681877449584,0.1182158847730006,,0.000525596487525562,73.75642397403719,competition-ds-random-split-same-ratio
65.0,0.11132066098541858,0.11763871533255425,,0.0005203405226503064,74.93300021489463,competition-ds-random-split-same-ratio
66.0,0.1112185613592134,0.11815829575061795,,0.0005151371174238035,76.14736923774083,competition-ds-random-split-same-ratio
67.0,0.1109968659451865,0.1170204317858142,,0.0005099857462495653,77.36902349392571,competition-ds-random-split-same-ratio
68.0,0.1106088663367143,0.11738040226121105,,0.0005048858887870696,78.5562500635783,competition-ds-random-split-same-ratio
69.0,0.11046779412845524,0.11537220557370495,,0.0004998370298991988,79.77781824270885,competition-ds-random-split-same-ratio
70.0,0.10994946335354544,0.11610389068242047,,0.0004948386596002071,80.98909781773885,competition-ds-random-split-same-ratio
71.0,0.11005891221524663,0.11572379570814875,,0.0004898902730042047,82.20903639793396,competition-ds-random-split-same-ratio
72.0,0.1093813994274526,0.11684093972848307,,0.0004849913702741628,83.43869724273682,competition-ds-random-split-same-ratio
73.0,0.1094119260332538,0.11598191758798007,,0.0004801414565714211,84.64826523462929,competition-ds-random-split-same-ratio
74.0,0.10870188943004684,0.11463455807778143,,0.00047534004200570695,85.87792942523956,competition-ds-random-split-same-ratio
75.0,0.10875966211134536,0.11378268633157974,,0.0004705866415856499,87.0924217383067,competition-ds-random-split-same-ratio
76.0,0.10813262107148232,0.11324020379012632,,0.0004658807751697934,88.30622366666793,competition-ds-random-split-same-ratio
77.0,0.10787438957774527,0.1149709651306752,,0.00046122196741809533,89.51837125619251,competition-ds-random-split-same-ratio
78.0,0.10764665647891968,0.11263204005456738,,0.00045660974774391444,90.67108501593272,competition-ds-random-split-same-ratio
79.0,0.10744596243554626,0.11313795190184348,,0.0004520436502664753,91.85079785585405,competition-ds-random-split-same-ratio
80.0,0.10721721992403203,0.11277841824677685,,0.00044752321376381065,93.00136443376543,competition-ds-random-split-same-ratio
81.0,0.10689541090081484,0.11564507948294762,,0.00044304798162617245,94.2349986076355,competition-ds-random-split-same-ratio
82.0,0.1068027392937786,0.1130957895469281,,0.00043861750180991077,95.45412297646205,competition-ds-random-split-same-ratio
83.0,0.1063281885988058,0.11156616504153898,,0.0004342313267918117,96.66711901823679,competition-ds-random-split-same-ratio
84.0,0.10621166802737243,0.11482110799800965,,0.0004298890135238935,97.9132213274638,competition-ds-random-split-same-ratio
85.0,0.10604053949835657,0.11358608245368927,,0.00042559012338865465,99.11738846699396,competition-ds-random-split-same-ratio
86.0,0.10593226190711373,0.11237120099606053,,0.00042133422215476804,100.33779536485672,competition-ds-random-split-same-ratio
87.0,0.10552967339276192,0.11235125927675148,,0.0004171208799332204,101.56385969320931,competition-ds-random-split-same-ratio
88.0,0.10517764440364284,0.11232989581842576,,0.0004129496711338881,102.78629867633184,competition-ds-random-split-same-ratio
89.0,0.1051670613007488,0.11068654336756276,,0.00040882017442254916,103.99136615991593,competition-ds-random-split-same-ratio
90.0,0.1049450574642272,0.11209230401342914,,0.0004047319726783237,105.19843151966732,competition-ds-random-split-same-ratio
91.0,0.10473441988268002,0.11218819106298107,,0.0004006846529515405,106.42145663897196,competition-ds-random-split-same-ratio
92.0,0.10456717703933503,0.11176349559137896,,0.0003966778064220249,107.65198824008307,competition-ds-random-split-same-ratio
93.0,0.10440552932394866,0.11111897182080054,,0.00039271102835780483,108.85474859078724,competition-ds-random-split-same-ratio
94.0,0.1042333954157853,0.1107058278735607,,0.0003887839180742267,110.06080505450565,competition-ds-random-split-same-ratio
95.0,0.1039782603049675,0.11097297096444712,,0.00038489607889348454,111.2654847462972,competition-ds-random-split-same-ratio
96.0,0.10375612378215987,0.10997220369115948,,0.00038104711810454966,112.49218914111457,competition-ds-random-split-same-ratio
97.0,0.10370185984641483,0.11036026057216428,,0.00037723664692350416,113.70726253588992,competition-ds-random-split-same-ratio
98.0,0.1034859867241996,0.11055802974489427,,0.00037346428045426913,114.93226735591888,competition-ds-random-split-same-ratio
99.0,0.10347217089610652,0.1102835151457017,,0.00036972963764972643,116.15109407901764,competition-ds-random-split-same-ratio
100.0,0.10305884107708377,0.1101011305807098,,0.0003660323412732292,117.35527285337449,competition-ds-random-split-same-ratio
101.0,0.1030767852914799,0.11145639443589794,,0.0003623720178604969,118.56219951311749,competition-ds-random-split-same-ratio
102.0,0.10294030027522573,0.10992492002344896,,0.0003587482976818919,119.78735735813775,competition-ds-random-split-same-ratio
103.0,0.10271686196059583,0.11001357195838804,,0.00035516081470507297,121.02249093453091,competition-ds-random-split-same-ratio
104.0,0.10258595658809114,0.10886713441821838,,0.00035160920655802217,122.23493598302204,competition-ds-random-split-same-ratio
105.0,0.10239641125612034,0.11038666410792257,,0.000348093114492442,123.45577371915182,competition-ds-random-split-same-ratio
106.0,0.1023310532816105,0.11017347956376693,,0.00034461218334751756,124.64374381701151,competition-ds-random-split-same-ratio
107.0,0.10208294463222643,0.11044504325236043,,0.0003411660615140424,125.85610518852872,competition-ds-random-split-same-ratio
108.0,0.1020204102270416,0.1103233527993002,,0.000337754400898902,127.06016569534935,competition-ds-random-split-same-ratio
109.0,0.10176203082565924,0.10927153619066357,,0.000334376856889913,128.29249869585038,competition-ds-random-split-same-ratio
110.0,0.10178621457871756,0.10937287213821566,,0.0003310330883210138,129.4987397591273,competition-ds-random-split-same-ratio
111.0,0.10167587196754302,0.11003003113212123,,0.0003277227574378037,130.72447971105578,competition-ds-random-split-same-ratio
112.0,0.10159119489561552,0.1122607900010001,,0.0003244455298634257,131.93341077566146,competition-ds-random-split-same-ratio
113.0,0.1013284502329927,0.1098548766345747,,0.00032120107456479137,133.15842039585112,competition-ds-random-split-same-ratio
114.0,0.1011250662719538,0.10999102313672343,,0.0003179890638191435,134.36193874677022,competition-ds-random-split-same-ratio
115.0,0.10100405014253253,0.10934333298956192,,0.00031480917318095215,135.56653702259064,competition-ds-random-split-same-ratio
116.0,0.10101673568075024,0.1097998590238633,,0.00031166108144914265,136.7825244228045,competition-ds-random-split-same-ratio
117.0,0.1008624440492768,0.10771975437960317,,0.0003085444706346512,137.98839820623397,competition-ds-random-split-same-ratio
118.0,0.1006839467144455,0.10864472653596632,,0.00030545902592830465,139.22106331984202,competition-ds-random-split-same-ratio
119.0,0.10038219088828278,0.10844594216154467,,0.00030240443566902157,140.43623380263642,competition-ds-random-split-same-ratio
120.0,0.1004276106837778,0.10808270076109518,,0.00029938039131233136,141.6594715634982,competition-ds-random-split-same-ratio
121.0,0.10030531560174163,0.1074931179323504,,0.00029638658739920804,142.86596463918687,competition-ds-random-split-same-ratio
122.0,0.10021793639682798,0.10794946719561853,,0.00029342272152521604,144.09094292720158,competition-ds-random-split-same-ratio
123.0,0.10001213449060033,0.10900130231053598,,0.0002904884943099638,145.29998041391372,competition-ds-random-split-same-ratio
124.0,0.09995259009564504,0.1085500866174698,,0.0002875836093668642,146.37653702100118,competition-ds-random-split-same-ratio
125.0,0.09969964273622822,0.1078419082107082,,0.0002847077732731956,147.363084089756,competition-ds-random-split-same-ratio
126.0,0.09975273569781773,0.10792463104571068,,0.00028186069554046365,148.37981873353326,competition-ds-random-split-same-ratio
127.0,0.09956777897245844,0.10781470325685323,,0.000279042088585059,149.5969576358795,competition-ds-random-split-same-ratio
128.0,0.099411077625366,0.10895904790489903,,0.00027625166769920835,150.79630610545476,competition-ds-random-split-same-ratio
129.0,0.09932733199071092,0.1085536411452678,,0.00027348915102221624,151.99592271645864,competition-ds-random-split-same-ratio
130.0,0.09926968483664099,0.1086880294305663,,0.0002707542595119941,153.19636797507602,competition-ds-random-split-same-ratio
131.0,0.09913593023116958,0.10759410886995252,,0.00026804671691687415,154.4037931720416,competition-ds-random-split-same-ratio
132.0,0.09907052696534972,0.10784430573544196,,0.00026536624974770543,155.59421399037043,competition-ds-random-split-same-ratio
133.0,0.09893145177076088,0.10728829257911254,,0.0002627125872502284,156.84190713167192,competition-ds-random-split-same-ratio
134.0,0.09872234065976968,0.10822912101303378,,0.00026008546137772597,158.04261004527407,competition-ds-random-split-same-ratio
135.0,0.09874615434980157,0.10731483587334233,,0.00025748460676394875,159.27051429748536,competition-ds-random-split-same-ratio
136.0,0.0987125333396192,0.10764733906234468,,0.00025490976069630927,160.46524285475414,competition-ds-random-split-same-ratio
137.0,0.09844281814031834,0.10719202350704904,,0.00025236066308934616,161.71535507440566,competition-ds-random-split-same-ratio
138.0,0.09833910955669352,0.1071757665805278,,0.0002498370564584527,162.93658456802368,competition-ds-random-split-same-ratio
139.0,0.09825329372158724,0.10755701699564534,,0.0002473386858938682,164.19300912618638,competition-ds-random-split-same-ratio
140.0,0.09821170301315812,0.1075553433789361,,0.0002448652990349295,165.25204997857412,competition-ds-random-split-same-ratio
141.0,0.0980945240808958,0.10727952793240544,,0.00024241664604458018,166.32924926678342,competition-ds-random-split-same-ratio
142.0,0.09792048453023017,0.10710884907072588,,0.0002399924795841344,167.39695424636204,competition-ds-random-split-same-ratio
143.0,0.09792591533919344,0.10644055926992048,,0.000237592554788293,168.37781935135524,competition-ds-random-split-same-ratio
144.0,0.0979015095263356,0.1067332669852241,,0.0002352166292404101,169.36153715054198,competition-ds-random-split-same-ratio
145.0,0.0977299078113762,0.1063649792584681,,0.00023286446294800602,170.34855971733728,competition-ds-random-split-same-ratio
146.0,0.0976662211803536,0.10673455906010444,,0.00023053581831852598,171.40478529930115,competition-ds-random-split-same-ratio
147.0,0.09748627128099843,0.1080585498242609,,0.00022823046013534067,172.45894434054696,competition-ds-random-split-same-ratio
148.0,0.0974134196544626,0.10689266518719737,,0.00022594815553398726,173.5192739486694,competition-ds-random-split-same-ratio
149.0,0.0973299193345942,0.10610142590538144,,0.0002236886739786474,174.52132831811906,competition-ds-random-split-same-ratio
