target_param,epoch,valid_mae,train_mae
1.5,0,0.6636492968887411,0.3359902319628789
1.5,1,0.6367499512690369,0.2595644773282581
1.5,2,0.6254655766871668,0.23828900948099938
1.5,3,0.562491168097783,0.22226143590922728
1.5,4,0.43551433615146146,0.19646788315689404
1.5,5,0.36031569043795275,0.16931869395305021
1.5,6,0.324714748449223,0.15830230404640172
1.5,7,0.30836164791096915,0.15245638161846695
1.5,8,0.2987415333108236,0.1479110477608901
1.5,9,0.27554789986661693,0.14441439077681859
1.5,10,0.2648790658962343,0.14091276424593063
1.5,11,0.2523991039363287,0.13629037894504495
1.5,12,0.24762001769837527,0.13398287979607545
1.5,13,0.23502646963442528,0.13138364031767522
1.5,14,0.23043895793217484,0.1298960956522025
1.5,15,0.22356977069409942,0.12699865105826555
1.5,16,0.2312770022419833,0.1261068206660405
1.5,17,0.2178062021491989,0.12446793787992227
1.5,18,0.2195762898973239,0.12358852169542756
1.5,19,0.22582539783850797,0.12262120365663191
1.5,20,0.2127016936579058,0.12119065068052053
1.5,21,0.20688818491274308,0.12081611515850184
1.5,22,0.23648336946323353,0.118980440123356
1.5,23,0.2328249903455858,0.11837073109019675
1.5,24,0.20846430672913466,0.11715189688368077
1.5,25,0.21318686793568312,0.11657703198892366
1.5,26,0.20396898206203215,0.11556331542998981
1.5,27,0.2150445860480108,0.11515061718666438
1.5,28,0.19812397811041085,0.11493148900821785
1.5,29,0.18705724243835742,0.11341162828335492
1.5,30,0.20358531153009785,0.11294836509054434
1.5,31,0.1993386794722849,0.11239415698226567
1.5,32,0.18642792962892077,0.11251858443735446
1.5,33,0.19251608443997234,0.11150009530921608
1.5,34,0.1848602026941315,0.11058806369600072
1.5,35,0.18774035945534706,0.109694890744836
1.5,36,0.1775311669034343,0.10982969955728178
1.5,37,0.1865932058583023,0.10864165801413939
1.5,38,0.18384240491576098,0.10902412213593786
1.5,39,0.17827791496310183,0.10813164574794844
1.5,40,0.19634231095833163,0.10714224875706076
1.5,41,0.18624820736467199,0.10762812513901887
1.5,42,0.18427989611862813,0.1072073089504869
1.5,43,0.18085538291482517,0.10557746111403583
1.5,44,0.1736406694336604,0.10640088812405658
1.5,45,0.1704817891361252,0.10583394857452856
1.5,46,0.17181545175531862,0.1047637200642912
1.5,47,0.1778905351235661,0.10468372443413317
1.5,48,0.17914027804809232,0.10385019419627596
1.5,49,0.16915530999822,0.10391743738273536
1.5,50,0.1870852930731671,0.10375730149481367
1.5,51,0.17246049097789232,0.10266366650851998
1.5,52,0.17106980830430984,0.10217355958112213
1.5,53,0.17008161524771367,0.1039068701766433
1.5,54,0.17102848001385249,0.10143555399059916
1.5,55,0.17557306647781404,0.10234239393984985
1.5,56,0.17655616253614426,0.10083335848962854
1.5,57,0.18398830651115347,0.10196379342120197
1.5,58,0.16733064963131816,0.10054538454577683
1.5,59,0.18316275682500618,0.10071741309600779
1.5,60,0.19713225203656384,0.09939279140908934
1.5,61,0.16750038531358516,0.10080104686840742
1.5,62,0.16391422895975016,0.099745206002792
1.5,63,0.17411510714439937,0.09899463379500334
1.5,64,0.16593881600326107,0.0987723695449985
1.5,65,0.16932512278999048,0.09936968572652825
1.5,66,0.16485187042784943,0.09889375838664742
1.5,67,0.17152461894257096,0.09883559176605533
1.5,68,0.16172172918274832,0.09787081656883938
1.5,69,0.1634172288480625,0.09857799252823733
1.5,70,0.1591439070480485,0.09658894602982752
1.5,71,0.1636629113026204,0.09780815085374257
1.5,72,0.15602476522326467,0.09740384345046217
1.5,73,0.15984391817642793,0.09709406296507721
1.5,74,0.1580834473252937,0.09840354323387147
1.5,75,0.1683456992269844,0.0969955606056707
1.5,76,0.16390122252927028,0.09542544390659753
1.5,77,0.16151583579278764,0.09650586671316395
1.5,78,0.15847064126082647,0.09656846231442623
1.5,79,0.1773861754004674,0.09568648658229272
1.5,80,0.16842477287976973,0.09660082023374948
1.5,81,0.15577296748436903,0.09461497219615145
1.5,82,0.15912848807150318,0.09533295988469433
1.5,83,0.16113409792543743,0.09466607737246813
1.5,84,0.17005996245850796,0.0953893413114475
1.5,85,0.18212678780158356,0.09402611775864184
1.5,86,0.15261846011684785,0.09438725310320634
1.5,87,0.1588983481289238,0.09412330796040862
1.5,88,0.1608745988899021,0.09457831980167908
1.5,89,0.15856531899302237,0.09384365135599508
1.5,90,0.16537086689664474,0.0936707656640182
1.5,91,0.16431482220368998,0.0946000098548105
1.5,92,0.15939060622645962,0.09365252105597625
1.5,93,0.1573503405576752,0.09367622825702791
1.5,94,0.15859057125385087,0.0930163351349375
1.5,95,0.1568585774030096,0.09299923556978085
1.5,96,0.16065052351964415,0.09423355997143985
1.5,97,0.1536681043204441,0.09181157112765163
1.5,98,0.1556000093058232,0.0914774311944182
1.5,99,0.1645633673235293,0.09226147780943206
2,0,0.6685618905610934,0.3349464172535228
2,1,0.6520606091906949,0.2605601539112499
2,2,0.6360694286964274,0.2351743575342448
2,3,0.5856349876811425,0.2212407035605379
2,4,0.5495877405328137,0.21008224773220918
2,5,0.5095472528088478,0.19783581090146773
2,6,0.4727228243825256,0.17714221114585457
2,7,0.37590016168291845,0.16459572904316916
2,8,0.3256757174448301,0.1527422122356217
2,9,0.3109052363102153,0.1451552667286067
2,10,0.2781396685268289,0.1398878651413241
2,11,0.24859044684838227,0.13535492255509549
2,12,0.23501280751279607,0.1315920408070407
2,13,0.2557121846143917,0.12815927614863926
2,14,0.22656031417590314,0.12615267009097383
2,15,0.23525139096603595,0.12386433851401557
2,16,0.21540576692229954,0.12193064464095671
2,17,0.2105298963605717,0.12033200413880747
2,18,0.22053091019712467,0.1182834865564792
2,19,0.21860730471790477,0.11702729660443358
2,20,0.20875944838088042,0.11525286886875304
2,21,0.19674014260051068,0.11435547831070235
2,22,0.19222846523087514,0.11307197602922549
2,23,0.1915472526383656,0.11228822186981124
2,24,0.19097531646970778,0.1109874436433866
2,25,0.19349843243597656,0.10991602685236392
2,26,0.1869625632240568,0.10886833317671829
2,27,0.19912366016257196,0.10828513961133217
2,28,0.17733246612773154,0.10735403932750487
2,29,0.21726841022891386,0.10707021430246282
2,30,0.19215542422507403,0.10588259133634748
2,31,0.17727729582017468,0.10501142176892082
2,32,0.1973611143647983,0.10417056889112926
2,33,0.18603772613950953,0.10511509890940696
2,34,0.1763584318180238,0.10307116048545546
2,35,0.1809124885307205,0.10371774554998153
2,36,0.19824848512327806,0.1022712806204279
2,37,0.16576149687170982,0.10206946846904569
2,38,0.1744768023490906,0.10053412942504526
2,39,0.18093184934508413,0.1007324438673552
2,40,0.1839482009170517,0.10026055079304774
2,41,0.1657257762246875,0.09947304621494961
2,42,0.16858127460845052,0.09942656735215964
2,43,0.18911188472342746,0.09907638958938254
2,44,0.16540653703193517,0.09923755434242758
2,45,0.17762544795229873,0.09751778398954088
2,46,0.16965506834689004,0.09785319487521449
2,47,0.1671008387961054,0.09666526046622781
2,48,0.16342864313753702,0.09638174851053626
2,49,0.16367296846483345,0.09629605248688344
2,50,0.1677410851322835,0.09680175500877504
2,51,0.15953873730795362,0.09578445982781385
2,52,0.15871820642903287,0.09624727238077162
2,53,0.16638922663305397,0.09537487504942076
2,54,0.16098033268285053,0.09454739898099129
2,55,0.16057331980236114,0.09454238738785808
2,56,0.15714741133714236,0.09424184795300977
2,57,0.1606814808422519,0.09350088642388817
2,58,0.1615197183063594,0.09329331683913739
2,59,0.1651655153561664,0.09332657757702868
2,60,0.1591151679956144,0.09272468574974359
2,61,0.15718783622467394,0.09296527177713497
2,62,0.1553373376848877,0.09237577844078987
2,63,0.1583882346348737,0.09153435695960221
2,64,0.15561701818018828,0.09279394923831397
2,65,0.15365099726665407,0.09159275972074694
2,66,0.1540207373759439,0.09127559426511639
2,67,0.15637290814230517,0.09129840619376202
2,68,0.1593291931735572,0.09093023755846297
2,69,0.17116267398320217,0.09046748457590004
2,70,0.15442257658928954,0.09023896959383877
2,71,0.15248622737264123,0.09055373156576663
2,72,0.1539533111036465,0.09002309899816203
2,73,0.155955727662771,0.08952928709233827
2,74,0.15205273909434194,0.08973694146826448
2,75,0.15444840082237798,0.08888121113031365
2,76,0.156891649248459,0.09049401388308272
2,77,0.15951421456311343,0.08899190932869122
2,78,0.15173696346020185,0.08946671853348158
2,79,0.15238438726913545,0.08866326574388289
2,80,0.15715557885586573,0.08844285460715884
2,81,0.15195851596773313,0.08850183624751119
2,82,0.15289971544857953,0.08859683018076585
2,83,0.15346925857887475,0.08739780847310565
2,84,0.1568075558671387,0.08804282782766992
2,85,0.16342664173533838,0.08757449847422834
2,86,0.1513457480938204,0.08758169240884757
2,87,0.15046319021012192,0.0871216848903623
2,88,0.14801649721239205,0.08708323278799514
2,89,0.14671561566572036,0.08656265359528816
2,90,0.15317960772463068,0.08698635906146746
2,91,0.1585614711687129,0.08655298129281669
2,92,0.1503677962207666,0.08677253032631664
2,93,0.14835366502564448,0.08674612388839982
2,94,0.1472086076053881,0.08545486690420386
2,95,0.1470016847935415,0.08613877582427705
2,96,0.15429595793767645,0.0852824126266506
2,97,0.15818901980916658,0.085781210305849
2,98,0.1525689510488382,0.0870878829284053
2,99,0.18033560766007306,0.08542878384729193
3,0,0.669262905274668,0.35663073584007215
3,1,0.6503149561023199,0.26184924437827956
3,2,0.615506917398463,0.23485181196609697
3,3,0.570708417764274,0.2160539860071116
3,4,0.5351139263760659,0.1973630199772388
3,5,0.49751059438592643,0.1807679703934264
3,6,0.4501483454819648,0.16624344077526024
3,7,0.40235375060189166,0.1561648402763706
3,8,0.3158994360316184,0.14705561921844781
3,9,0.31592402222656424,0.13876392258865247
3,10,0.280175848193066,0.13268876296060053
3,11,0.25963658462929473,0.12860540941481863
3,12,0.25421158881277167,0.12525607076642184
3,13,0.23722713584861443,0.12163964548101029
3,14,0.2611346249618839,0.11867664402809976
3,15,0.2395038756151353,0.11642312524198652
3,16,0.22636939128560407,0.11491712492125811
3,17,0.21116754300491783,0.11238484143866728
3,18,0.20677161649350204,0.11071461727470323
3,19,0.19237300561320395,0.10983308515717949
3,20,0.19691617570577125,0.10804082141814379
3,21,0.2113281037378055,0.1063320634375659
3,22,0.19081185269419862,0.10500217308141942
3,23,0.17762233332921099,0.10349251406204757
3,24,0.18436998577528105,0.10265524603819925
3,25,0.18830717270893435,0.10079694999852229
3,26,0.1777953875641669,0.1005087066820118
3,27,0.16538551589974793,0.09957166555500292
3,28,0.16630275795857116,0.09855974006657932
3,29,0.16060167559052027,0.09713337645460351
3,30,0.16218418724113898,0.09701402601661495
3,31,0.16287229278235024,0.09530956736035594
3,32,0.16183635448255845,0.09551468902076954
3,33,0.1778309291168567,0.09474203545860638
3,34,0.14462173646015505,0.09445145088993694
3,35,0.1470700484370032,0.09296575406721985
3,36,0.15286299033511067,0.0923369644651409
3,37,0.1474093212395586,0.09234289948581399
3,38,0.16414685014595265,0.09128968794076452
3,39,0.16603569506156826,0.09032609595054737
3,40,0.14818346211987157,0.09055411820581692
3,41,0.14087751423639636,0.08999094334529562
3,42,0.1399279252816272,0.08922494212569694
3,43,0.13791740265104077,0.08877456252241533
3,44,0.13924661338809996,0.0892873542884718
3,45,0.14701143876519251,0.0886336087094099
3,46,0.13600284409939603,0.08658080741600634
3,47,0.13335466781450858,0.08781642715136216
3,48,0.13252600018055208,0.08670788846777779
3,49,0.13831446916666082,0.08719743124747197
3,50,0.1415975649029978,0.08547494695409387
3,51,0.13186497265292751,0.08565220831614002
3,52,0.1420942015785684,0.08518522368178094
3,53,0.17266722760533773,0.08676671225602288
3,54,0.18075450245411162,0.08408286214919841
3,55,0.1304847568433772,0.08539851539447074
3,56,0.1464763519664605,0.08444351092799744
3,57,0.13336479920212943,0.08470565668150537
3,58,0.1587015809791704,0.08211157080172374
3,59,0.129423056959465,0.08324246809064946
3,60,0.1280676491398324,0.08245914239298587
3,61,0.1306313474171905,0.08227766737873947
3,62,0.12904512974363502,0.08308192055137935
3,63,0.12771884135661582,0.08130834798209301
3,64,0.1304122747112346,0.08129208076483217
3,65,0.1295050960634985,0.08148841329216823
3,66,0.12537569957234526,0.0808836317842005
3,67,0.1284474847858311,0.0805793251099114
3,68,0.13186796766615683,0.08033732195644262
3,69,0.13492649056578196,0.07967278092497428
3,70,0.13728362566200636,0.0801096654319664
3,71,0.1267291730049477,0.0806238778088435
3,72,0.12560250634147274,0.07939834477607323
3,73,0.12368234699612024,0.07944635027987292
3,74,0.12467826538348713,0.07963163223733291
3,75,0.12441181627813207,0.07922021325965174
3,76,0.1278648498237774,0.07905299803857391
3,77,0.14618887475902032,0.07828801105295537
3,78,0.12291923609952775,0.07859669512176409
3,79,0.15421846885514512,0.07770652958144735
3,80,0.12071489270335883,0.07778525591989423
3,81,0.16542075306016912,0.07829690125076112
3,82,0.12305787257770055,0.07871345635873915
3,83,0.15407905311033285,0.07699621396538713
3,84,0.1307107132849514,0.07758556953767747
3,85,0.12253297128344094,0.07697647075278902
3,86,0.12404181219397055,0.07729356396630306
3,87,0.15459723498231617,0.07616009572287868
3,88,0.12311738809590704,0.07756587578454077
3,89,0.12520128336324488,0.07612630888112393
3,90,0.12410506670193004,0.07617757090434879
3,91,0.12382961681453132,0.07579032378460393
3,92,0.12611856708122834,0.0758717971060785
3,93,0.12287305812201192,0.07607139841754366
3,94,0.1645987690776907,0.07606866105559387
3,95,0.12446164824469112,0.07576758302118956
3,96,0.12266133116778503,0.07486977515814269
3,97,0.12495501419549347,0.07923122254149105
3,98,0.12301454296515836,0.07540715471872271
3,99,0.12358856769979638,0.07565528682779736
4,0,0.6510755323594617,0.3711315639793354
4,1,0.5403437660906905,0.2441764553215914
4,2,0.47641129791736603,0.19614991059804385
4,3,0.33746753841318106,0.17143808756567666
4,4,0.3265037266637689,0.15648683116257334
4,5,0.26617917418479914,0.1469077480535159
4,6,0.23838018201371677,0.14023302136411625
4,7,0.2567888201885326,0.1362807313942083
4,8,0.2301452955411327,0.13144667899191878
4,9,0.2108106185351648,0.12724487353829153
4,10,0.21667244878186978,0.12295458720857973
4,11,0.20591721179023856,0.1209881194198719
4,12,0.23182483321876934,0.11832667779522321
4,13,0.20622974818432202,0.11622001185156176
4,14,0.1919687818936123,0.11345277346554328
4,15,0.1920793907296273,0.11197651282465815
4,16,0.20140168279088955,0.10957541307986028
4,17,0.1914719562296586,0.10784033152259058
4,18,0.19896759341160455,0.1074266294565035
4,19,0.19543332626582477,0.10442183951944634
4,20,0.1776843343771273,0.10340933866523278
4,21,0.17174988095798796,0.10224216960582418
4,22,0.17171489371247184,0.10130659307147895
4,23,0.18570309284553735,0.1008447897973952
4,24,0.18050559057343388,0.09875884781650739
4,25,0.17868184318305344,0.0979054315329897
4,26,0.17844705127419966,0.10029642368984037
4,27,0.17614155555123923,0.096351843989186
4,28,0.16122855069816752,0.09520630971766553
4,29,0.161092655472858,0.0947599562364102
4,30,0.1573191079641542,0.09369249503461369
4,31,0.15440572037171293,0.09332363346027277
4,32,0.19563540131334334,0.09156847184594429
4,33,0.15181183382388083,0.09099704053301522
4,34,0.1699241460250911,0.0907227009095161
4,35,0.17337446639774945,0.09072173373430793
4,36,0.16157353072557398,0.09120724973803856
4,37,0.15341916504085706,0.08849710325463755
4,38,0.15872419024667428,0.09097968178817367
4,39,0.1656193721999404,0.08913548065635012
4,40,0.15095020522193237,0.0898282099001449
4,41,0.15684497144113307,0.08848882832791227
4,42,0.14872869584829573,0.0887829676335798
4,43,0.14241736230029856,0.08834012159398669
4,44,0.1422223863342116,0.0861583338229605
4,45,0.16234367408899852,0.08636990441648605
4,46,0.1578204828484725,0.08563642460125644
4,47,0.1446779706385187,0.08869284365357223
4,48,0.14199553325932512,0.08625386512993825
4,49,0.14138826844032093,0.08754744979371527
4,50,0.14126490016457857,0.08472724450938914
4,51,0.13178147760129746,0.08420029293243154
4,52,0.13990983687421324,0.08269620440089472
4,53,0.13879766555563092,0.08304255693332113
4,54,0.13377669461632283,0.08265332787311404
4,55,0.16160308806005344,0.08252187302626429
4,56,0.13152818065336955,0.08184548856175589
4,57,0.22039138037030423,0.08302095544603945
4,58,0.14166019524457638,0.0858956608217969
4,59,0.1332073431982789,0.08439505530845066
4,60,0.12607281198424677,0.08216475157088284
4,61,0.13753920296827948,0.0802635631743266
4,62,0.12830773596802064,0.07951431183802778
4,63,0.134075861664549,0.07983595291015196
4,64,0.14041729255389143,0.07927787220370361
4,65,0.12951354189745837,0.07752130498565205
4,66,0.1439906561807279,0.07822853029220313
4,67,0.2063104938515412,0.07785336147083387
4,68,0.13228465184088675,0.0780822682989531
4,69,0.12258403379750508,0.07626010484233593
4,70,0.137346279276635,0.07707639738856821
4,71,0.13207541422177385,0.07619410402226941
4,72,0.12457877617850095,0.076264470943897
4,73,0.12674749021728834,0.0760783819772059
4,74,0.12460132487999494,0.07685017089686229
4,75,0.12257480605315137,0.07601398575763453
4,76,0.14109284478810527,0.07575889403685075
4,77,0.14464570209383965,0.07486700527537243
4,78,0.12969684564778883,0.07580012952447303
4,79,0.1380874190119005,0.07406772304105659
4,80,0.12411867262374972,0.07474512539075971
4,81,0.12240234405923917,0.07490743637030788
4,82,0.1325279769077096,0.07433471863745672
4,83,0.1251905547675266,0.07385518148570121
4,84,0.12429787827435358,0.07324159093263287
4,85,0.14162681668355903,0.07453421532617104
4,86,0.1668269950696217,0.07358339566300133
4,87,0.12028585618702314,0.07281912997466954
4,88,0.12282518970389522,0.07452560325629287
4,89,0.14436199075432232,0.07233736804004064
4,90,0.12382096909387136,0.07305799147063584
4,91,0.1283199640131125,0.07333775105937335
4,92,0.12158035042305149,0.07434569415750861
4,93,0.13706048718223007,0.07212307133052949
4,94,0.12837536108269484,0.07380357507742924
4,95,0.12255748261206893,0.07257542425759818
4,96,0.1323747428995307,0.07365527526914172
4,97,0.12848956582527007,0.07069681204739153
4,98,0.12075362298437342,0.07219239005805823
4,99,0.11912217572010973,0.07201436389956896
5,0,0.5727886448624313,0.3553150851348794
5,1,0.3522365549078552,0.22184584604093152
5,2,0.2706761232787563,0.17291822619314032
5,3,0.24045347718782317,0.15128219349882088
5,4,0.22621016404641572,0.141342945573726
5,5,0.20325105573220917,0.13249666141041427
5,6,0.2026414645294989,0.12792984758951167
5,7,0.18716656104210885,0.1205656484330161
5,8,0.18203675298280617,0.11511368519071587
5,9,0.19462018980774828,0.11353543466715706
5,10,0.16885423275732225,0.10848392785767952
5,11,0.1691506890760314,0.1054117242358218
5,12,0.16669244563547514,0.10389410825125657
5,13,0.16660558035777462,0.10282166720054736
5,14,0.15501055205541267,0.0990818299772089
5,15,0.1532321686465894,0.09691072389665052
5,16,0.15992567127430313,0.0950556116985896
5,17,0.1468377172626475,0.09339808231079856
5,18,0.14761171389811784,0.09162970356561949
5,19,0.22233591445030707,0.09026309708282682
5,20,0.14360353290554015,0.09003116542810762
5,21,0.14036523586800023,0.0873998974768338
5,22,0.14160481868411906,0.08889941879688916
5,23,0.2641486520728757,0.08743433284806039
5,24,0.13583353778687857,0.08532818203072322
5,25,0.13381972953036267,0.0837760760277822
5,26,0.1505557693220595,0.08550173633703817
5,27,0.13714189238605962,0.08332045891963182
5,28,0.13173311283831957,0.0819131953218425
5,29,0.12707091467354886,0.08041953671741936
5,30,0.12634107714859388,0.07948893786148939
5,31,0.12658496317203324,0.07896470987557197
5,32,0.1272250967480803,0.07969288555684184
5,33,0.1265316587942903,0.07815165267187944
5,34,0.11870135755468442,0.07746610686785142
5,35,0.12577027262699217,0.07610165002889835
5,36,0.11734655571560708,0.07653663247132342
5,37,0.12169672200276006,0.07563523089392514
5,38,0.12288428154042973,0.07942991745565621
5,39,0.1151709332661603,0.0763722328982509
5,40,0.11515995275269271,0.07432256762303927
5,41,0.12638608089858486,0.07476367329334714
5,42,0.11393895276611853,0.07294614354747082
5,43,0.11215215208389429,0.07251836128113914
5,44,0.1159138747601099,0.07265234724091808
5,45,0.11660826402486013,0.07128310540955066
5,46,0.10977227028499369,0.07166703732280814
5,47,0.11114904805216737,0.07175980121620525
5,48,0.10967927386042893,0.0704428400300318
5,49,0.11727491045190441,0.07611326574291558
5,50,0.11633861661758475,0.07107307374244802
5,51,0.10875246681833778,0.06990662896247003
5,52,0.11163924606416815,0.069030958988682
5,53,0.11117451734119844,0.06875173676888839
5,54,0.13153204978794178,0.06821994558343118
5,55,0.10864910319127064,0.06919247800990487
5,56,0.11322241797242112,0.06817505606154435
5,57,0.11059275662065832,0.06743797795599739
5,58,0.11553233397263352,0.06672760500853983
5,59,0.10904279247086535,0.06648578627645552
5,60,0.10713523105588009,0.06754021055284334
5,61,0.10747871732199064,0.06559576160818668
5,62,0.10549188084820267,0.06593389200436554
5,63,0.10596275453766187,0.06582816159729014
5,64,0.10625869027709446,0.06611641701999856
5,65,0.1034122164691648,0.06662882574464955
5,66,0.11202292224412325,0.06456052217061434
5,67,0.13078167670035876,0.06760454912161584
5,68,0.11790977818991548,0.06994300672172328
5,69,0.11474543028781492,0.06587265435943164
5,70,0.11166777193386064,0.06539743045185244
5,71,0.10948725192937799,0.06431445519537243
5,72,0.10683790125673816,0.06409723525367052
5,73,0.11586143617187779,0.06367785081598708
5,74,0.1055216295744783,0.06896853669904376
5,75,0.10678424057300373,0.06341544410338491
5,76,0.10234354580602338,0.06284285871909805
5,77,0.10187625684725338,0.06292305439981437
5,78,0.10425185119753243,0.0637342927649678
5,79,0.10157863747689033,0.0646322475702864
5,80,0.09924421235117858,0.062411252765260966
5,81,0.09976281454005546,0.06132598438033169
5,82,0.10256679804735287,0.06090606524919068
5,83,0.10234167482904209,0.06148819935937991
5,84,0.2807074641027758,0.061472923930368774
5,85,0.17608023879508816,0.06524824849291061
5,86,0.09892759392017958,0.06257049647841495
5,87,0.10207108135825847,0.061533697356500015
5,88,0.10088999701603767,0.06020465911530726
5,89,0.10393911776363211,0.06273150485608725
5,90,0.10127408221684477,0.06082339665115911
5,91,0.1032424050393284,0.06094028547753482
5,92,0.09902112133881098,0.06019832673352172
5,93,0.10053328488783171,0.060692089818687255
5,94,0.11851001538897071,0.06002458786961871
5,95,0.09661879102068564,0.060197744133802744
5,96,0.10088219377462582,0.062459981074942626
5,97,0.11201912453097683,0.06112621106352331
5,98,0.09769204254913073,0.059849883883120986
5,99,0.11798263585535433,0.059070412849345104
None,0,0.5664903568003767,0.3400014883493907
None,1,0.2931378763369335,0.21678482858523473
None,2,0.2642383117989827,0.1793333798334694
None,3,0.2558625304410535,0.16481468062357996
None,4,0.2219420321365838,0.15509223907242897
None,5,0.2081396667066441,0.14806050832566742
None,6,0.206671633627466,0.14324612678473683
None,7,0.19434761023649608,0.1381083048843461
None,8,0.18969676683666883,0.13496516521973104
None,9,0.18633300354403837,0.13184429350216867
None,10,0.18494496126008286,0.1310413035350859
None,11,0.1844128638666163,0.12748672487881288
None,12,0.17863365831554578,0.1254393587114722
None,13,0.18359768967474663,0.12362708737095994
None,14,0.17220722451325385,0.12211808656585865
None,15,0.16556155144847848,0.12050136555163865
None,16,0.1651695780456066,0.11886412244921757
None,17,0.16497406131157313,0.11751464186907318
None,18,0.15993553712483377,0.1167095728889218
None,19,0.16031135194083698,0.11563652462784187
None,20,0.1943378028289605,0.11565091530239836
None,21,0.15611448439378892,0.11384729302659712
None,22,0.15398652771467805,0.11212799685688803
None,23,0.16229477532768763,0.11147054401898406
None,24,0.1527358754187502,0.11103068959937269
None,25,0.15013014541197844,0.11028677453074871
None,26,0.188578558825357,0.10905012007112154
None,27,0.1476167846591242,0.10854924048034464
None,28,0.1479197235838059,0.10805121652171819
None,29,0.14913892725943237,0.1084185842092485
None,30,0.14962327227957786,0.1088025841590352
None,31,0.14760084983001473,0.10716664549285897
None,32,0.25204611902115165,0.10744214573425452
None,33,0.1443297709989291,0.10562815959251699
None,34,0.14421632052749717,0.10441141529536435
None,35,0.14551404302799575,0.10653537880929587
None,36,0.14764582001233614,0.10378222926887208
None,37,0.14243745639599778,0.10336327661599065
None,38,0.14397249743342397,0.10385144411281365
None,39,0.14669756647399676,0.10277864840682154
None,40,0.14234496112312034,0.1019502101796214
None,41,0.14419198865371366,0.10240773434647395
None,42,0.1536918092238647,0.10198481173527556
None,43,0.14089705478600276,0.10085986251788477
None,44,0.14201235598934595,0.1004441085806993
None,45,0.14310703350491424,0.10113639075939083
None,46,0.14080441562879473,0.10067318574865326
None,47,0.14200116201273857,0.10009030543740853
None,48,0.13888143663925512,0.09958615776741626
None,49,0.14058409222672064,0.09924564447340761
None,50,0.14356830175365173,0.09873069079641807
None,51,0.14276284476121268,0.09980129547893467
None,52,0.13760448199126027,0.09808334203702614
None,53,0.1396242603259061,0.09824652309846704
None,54,0.15174651754799706,0.09785325730429358
None,55,0.13810746499928092,0.0973745504263147
None,56,0.1386373860621324,0.0966547905876261
None,57,0.13853775870095017,0.09749213710143718
None,58,0.13733436551786238,0.09668743111287172
None,59,0.13832964848286364,0.09610075240260596
None,60,0.14188625098716826,0.09681578066382418
None,61,0.13709798919898206,0.09588377830537183
None,62,0.13741498845078612,0.09547305994750545
None,63,0.15218667093143667,0.10061066241499599
None,64,0.1392348040976832,0.09697254352719199
None,65,0.13794903945858764,0.0956174515941241
None,66,0.1369127306326102,0.09592243751062146
None,67,0.13891759646996374,0.09475101582803136
None,68,0.1374769616992243,0.09463635312744978
None,69,0.13650909534865807,0.09468806244756316
None,70,0.13589318232831135,0.09456304455188347
None,71,0.13427775212994184,0.09381153844400487
None,72,0.13872746330115107,0.09396640845208633
None,73,0.1364601960265508,0.09327591913924506
None,74,0.13481853882311493,0.09320467631958822
None,75,0.13961692046253912,0.09334020055503907
None,76,0.13478235816282613,0.09279238007626579
None,77,0.13376036246297182,0.09310341346351814
None,78,0.13581070428093267,0.09245074828554999
None,79,0.1331391250414233,0.09240410108774777
None,80,0.13342054260353886,0.09182811137197212
None,81,0.13638113887720207,0.09187596960374374
None,82,0.13498072157944405,0.0925393129101746
None,83,0.13852477778670608,0.09195700841873199
None,84,0.13601029908625029,0.09186985871782677
None,85,0.14048760965146043,0.09241845630155499
None,86,0.13716921074095592,0.09100667626360227
None,87,0.1353380377654747,0.09113892907926302
None,88,0.1358139281391457,0.09093432639631326
None,89,0.13508155148836873,0.09053579338256519
None,90,0.13502302954113612,0.09109129164880082
None,91,0.13253208442080408,0.09042195074765225
None,92,0.1346877727216931,0.0902851225044805
None,93,0.13314527401360135,0.09062881935654697
None,94,0.1325441593684817,0.08992944824592357
None,95,0.15579806120004708,0.09032460642225439
None,96,0.13752245834918433,0.09002931622172211
None,97,0.1332087610517778,0.0898366508296929
None,98,0.13797874239984378,0.09035866107629979
None,99,0.1321216181561511,0.08915164398126223
inf,0,0.3357218704236451,0.31954543808344105
inf,1,0.2611019594534751,0.19125569581361032
inf,2,0.2351358654678508,0.1649654689767637
inf,3,0.20070614866031114,0.14955970683979983
inf,4,0.19223959030964044,0.13833309654429193
inf,5,0.17411493157507274,0.13024077402467218
inf,6,0.17209934947952146,0.12353987383592684
inf,7,0.15990781179198654,0.12103662319020997
inf,8,0.15239062560822378,0.1153394981505067
inf,9,0.14826711275244273,0.11023376367847619
inf,10,0.1491025769582359,0.10725112227049553
inf,11,0.15594488141998167,0.10392312169941613
inf,12,0.13927720763510273,0.10119921457112428
inf,13,0.13848982030345544,0.1008591807093125
inf,14,0.12912648051015796,0.0976222765934449
inf,15,0.12653249806614333,0.09364005689574328
inf,16,0.12977544018017348,0.09212199397510969
inf,17,0.12293196489573806,0.09076033533415995
inf,18,0.12058237166975135,0.0895896091872437
inf,19,0.1210275022413141,0.08857603545898256
inf,20,0.13279326332192268,0.08690967424502855
inf,21,0.1282221312003751,0.08538772513054882
inf,22,0.1210689010318889,0.08394362270491158
inf,23,0.11215407489448463,0.08381056847711492
inf,24,0.1291108379761378,0.08241867722402994
inf,25,0.11589605585541778,0.08269519664256371
inf,26,0.11565447246195171,0.08060703293342912
inf,27,0.12017550063069149,0.08138784074425846
inf,28,0.11065862379888053,0.07831069084251951
inf,29,0.11530477621702738,0.0787379309297665
inf,30,0.1125696238570957,0.07780331649206407
inf,31,0.10582534211777872,0.07701520504370593
inf,32,0.1103136269876393,0.07612128533313027
inf,33,0.1102310874929992,0.07577792579228101
inf,34,0.10670022057589663,0.07532159943171025
inf,35,0.10808996543768916,0.07479222454425355
inf,36,0.10659886852547688,0.07482070449531804
inf,37,0.10849481680861084,0.07345663256877916
inf,38,0.108395240119388,0.07303336955987678
inf,39,0.10588884093267942,0.07300595616651367
inf,40,0.10584868947344443,0.07159503048888403
inf,41,0.10650947870266055,0.07287222874283739
inf,42,0.10236170122860579,0.0712748047228053
inf,43,0.10222581028938293,0.07042323912001838
inf,44,0.11015684922696439,0.0711302636543706
inf,45,0.10039130706460246,0.06941843286685538
inf,46,0.09882847548172036,0.069865792781841
inf,47,0.09779909926076087,0.06952031129668075
inf,48,0.11938994530067648,0.06935816673653133
inf,49,0.10555609291599642,0.06884440832176171
inf,50,0.10736031914430279,0.06847645714958688
inf,51,0.1039090150146074,0.06808386368707693
inf,52,0.09808933053926756,0.06744388818998907
inf,53,0.12091034991286133,0.06703856912546484
inf,54,0.09965370823779414,0.0680837525998282
inf,55,0.0969505317268833,0.06641659042137878
inf,56,0.12131971148874166,0.06688345239037935
inf,57,0.09844308526765916,0.06717751649647848
inf,58,0.09640416827413344,0.06552028197134842
inf,59,0.09688087128182893,0.06599457648072794
inf,60,0.09581517396114204,0.06582999666796331
inf,61,0.10136426272251274,0.06590062089667423
inf,62,0.10864551777961434,0.0652160356313099
inf,63,0.09623893554652892,0.06424108590960169
inf,64,0.10114756210516858,0.06419935348800722
inf,65,0.09494672182907339,0.06583263145419992
inf,66,0.12252402541938649,0.06442436828862053
inf,67,0.09485725149191837,0.06397589355124116
inf,68,0.09604648116134828,0.06329362537263421
inf,69,0.10191886583643574,0.06274487900270691
inf,70,0.09975040547790069,0.06608172868427648
inf,71,0.09803166657045324,0.06496720355157805
inf,72,0.09540147306297413,0.06285806004693169
inf,73,0.09291436555244591,0.06258784615814449
inf,74,0.09351883908753754,0.06208978505653397
inf,75,0.10488827045886749,0.06337699667415815
inf,76,0.0927322894655248,0.06225312351129084
inf,77,0.10286970857170319,0.06189056764033606
inf,78,0.09297678731782462,0.061506608945132525
inf,79,0.09823599337570128,0.06186091149795734
inf,80,0.09039171901281158,0.06118297399998803
inf,81,0.09524399098209153,0.0609610984267168
inf,82,0.09670789023080179,0.06151621443531522
inf,83,0.1042173551295393,0.0610907272146391
inf,84,0.09267658075337769,0.06031815001973237
inf,85,0.09364020736307226,0.06050289402520114
inf,86,0.09053428326883627,0.06072902615164774
inf,87,0.08979198504840175,0.05934572879679819
inf,88,0.09250271120058594,0.05999490006028108
inf,89,0.0943373428477395,0.059062103230505446
inf,90,0.09042290498011857,0.059571837584623775
inf,91,0.09383232158518606,0.05984534636165354
inf,92,0.09330265079775164,0.05898215538713186
inf,93,0.10343419391942278,0.05971579325359702
inf,94,0.08934924374985438,0.0585489883638165
inf,95,0.08863440272147938,0.058244194025370954
inf,96,0.09227018462874557,0.05851202362561702
inf,97,0.09530570518265487,0.059625168439094024
inf,98,0.10440048643498012,0.058510382777418046
inf,99,0.09003629811829135,0.058001722635489084
